Codigo,Localidad,ActividadEconomica,Year,Predios,PorcPredios
0,"Bogotá D.C.","BODEGAS",2010,20033,0.065170857
0,"Bogotá D.C.","CLINICAS, HOSPITALES, CENTROS MEDICOS",2010,233,0.00075799
0,"Bogotá D.C.","COMERCIO",2010,77623,0.252521211
0,"Bogotá D.C.","HOTELES",2010,2857,0.009294321
0,"Bogotá D.C.","INDUSTRIA",2010,2084,0.006779617
0,"Bogotá D.C.","LOTES",2010,118552,0.385670414
0,"Bogotá D.C.","OFICINAS",2010,58825,0.191368025
0,"Bogotá D.C.","OTROS",2010,22882,0.074439153
0,"Bogotá D.C.","UNIVERSIDADES Y COLEGIOS",2010,4303,0.013998412
0,"Bogotá D.C.","BODEGAS",2011,20543,0.065992065
0,"Bogotá D.C.","CLINICAS, HOSPITALES, CENTROS MEDICOS",2011,265,0.000851283
0,"Bogotá D.C.","COMERCIO",2011,79312,0.254780835
0,"Bogotá D.C.","HOTELES",2011,3082,0.009900577
0,"Bogotá D.C.","INDUSTRIA",2011,2134,0.006855234
0,"Bogotá D.C.","LOTES",2011,114172,0.366764644
0,"Bogotá D.C.","OFICINAS",2011,62644,0.201236769
0,"Bogotá D.C.","OTROS",2011,24797,0.07965756
0,"Bogotá D.C.","UNIVERSIDADES Y COLEGIOS",2011,4346,0.013961034
0,"Bogotá D.C.","BODEGAS",2012,20479,0.065852686
0,"Bogotá D.C.","CLINICAS, HOSPITALES, CENTROS MEDICOS",2012,252,0.000810336
0,"Bogotá D.C.","COMERCIO",2012,80902,0.260150105
0,"Bogotá D.C.","HOTELES",2012,3686,0.011852776
0,"Bogotá D.C.","INDUSTRIA",2012,2102,0.006759234
0,"Bogotá D.C.","LOTES",2012,109035,0.350615148
0,"Bogotá D.C.","OFICINAS",2012,64804,0.208385051
0,"Bogotá D.C.","OTROS",2012,25384,0.081625303
0,"Bogotá D.C.","UNIVERSIDADES Y COLEGIOS",2012,4338,0.01394936
0,"Bogotá D.C.","BODEGAS",2013,20486,0.065436472
0,"Bogotá D.C.","CLINICAS, HOSPITALES, CENTROS MEDICOS",2013,258,0.000824105
0,"Bogotá D.C.","COMERCIO",2013,81336,0.259803812
0,"Bogotá D.C.","HOTELES",2013,3813,0.012179502
0,"Bogotá D.C.","INDUSTRIA",2013,2123,0.006781296
0,"Bogotá D.C.","LOTES",2013,108554,0.346743668
0,"Bogotá D.C.","OFICINAS",2013,66127,0.211223157
0,"Bogotá D.C.","OTROS",2013,25999,0.083046121
0,"Bogotá D.C.","UNIVERSIDADES Y COLEGIOS",2013,4371,0.013961868
0,"Bogotá D.C.","BODEGAS",2014,20415,0.064915449
0,"Bogotá D.C.","CLINICAS, HOSPITALES, CENTROS MEDICOS",2014,268,0.000852184
0,"Bogotá D.C.","COMERCIO",2014,81895,0.260409048
0,"Bogotá D.C.","HOTELES",2014,4105,0.013053045
0,"Bogotá D.C.","INDUSTRIA",2014,2127,0.006763417
0,"Bogotá D.C.","LOTES",2014,107446,0.341655908
0,"Bogotá D.C.","OFICINAS",2014,67150,0.213523019
0,"Bogotá D.C.","OTROS",2014,26727,0.084986295
0,"Bogotá D.C.","UNIVERSIDADES Y COLEGIOS",2014,4353,0.013841634
0,"Bogotá D.C.","BODEGAS",2015,20678,0.065624861
0,"Bogotá D.C.","CLINICAS, HOSPITALES, CENTROS MEDICOS",2015,271,0.000860061
0,"Bogotá D.C.","COMERCIO",2015,82582,0.262086869
0,"Bogotá D.C.","HOTELES",2015,4154,0.013183368
0,"Bogotá D.C.","INDUSTRIA",2015,2081,0.006604378
0,"Bogotá D.C.","LOTES",2015,104937,0.333033952
0,"Bogotá D.C.","OFICINAS",2015,68428,0.217166941
0,"Bogotá D.C.","OTROS",2015,27595,0.087577041
0,"Bogotá D.C.","UNIVERSIDADES Y COLEGIOS",2015,4368,0.01386253
0,"Bogotá D.C.","BODEGAS",2016,20667,0.065508661
0,"Bogotá D.C.","CLINICAS, HOSPITALES, CENTROS MEDICOS",2016,273,0.000865334
0,"Bogotá D.C.","COMERCIO",2016,82975,0.26300775
0,"Bogotá D.C.","HOTELES",2016,4247,0.013461813
0,"Bogotá D.C.","INDUSTRIA",2016,2068,0.006554987
0,"Bogotá D.C.","LOTES",2016,103995,0.329635323
0,"Bogotá D.C.","OFICINAS",2016,69165,0.219233878
0,"Bogotá D.C.","OTROS",2016,27735,0.087912262
0,"Bogotá D.C.","UNIVERSIDADES Y COLEGIOS",2016,4360,0.013819991
0,"Bogotá D.C.","BODEGAS",2017,20960,0.0664336
0,"Bogotá D.C.","CLINICAS, HOSPITALES, CENTROS MEDICOS",2017,275,0.000871624
0,"Bogotá D.C.","COMERCIO",2017,83364,0.264225697
0,"Bogotá D.C.","HOTELES",2017,4395,0.013930137
0,"Bogotá D.C.","INDUSTRIA",2017,2053,0.00650707
0,"Bogotá D.C.","LOTES",2017,103481,0.327987373
0,"Bogotá D.C.","OFICINAS",2017,70032,0.221969363
0,"Bogotá D.C.","OTROS",2017,26599,0.084306647
0,"Bogotá D.C.","UNIVERSIDADES Y COLEGIOS",2017,4344,0.01376849
0,"Bogotá D.C.","BODEGAS",2018,21148,0.067074544
0,"Bogotá D.C.","CLINICAS, HOSPITALES, CENTROS MEDICOS",2018,272,0.000862695
0,"Bogotá D.C.","COMERCIO",2018,83937,0.266220729
0,"Bogotá D.C.","HOTELES",2018,4437,0.014072714
0,"Bogotá D.C.","INDUSTRIA",2018,2040,0.006470213
0,"Bogotá D.C.","LOTES",2018,101258,0.32115728
0,"Bogotá D.C.","OFICINAS",2018,70896,0.22485894
0,"Bogotá D.C.","OTROS",2018,26953,0.085486106
0,"Bogotá D.C.","UNIVERSIDADES Y COLEGIOS",2018,4350,0.013796778
1,"USAQUÉN","BODEGAS",2010,989,0.03717067
1,"USAQUÉN","CLINICAS, HOSPITALES, CENTROS MEDICOS",2010,25,0.00093960
1,"USAQUÉN","COMERCIO",2010,9036,0.33960988
1,"USAQUÉN","HOTELES",2010,760,0.02856391
1,"USAQUÉN","INDUSTRIA",2010,42,0.00157853
1,"USAQUÉN","LOTES",2010,6582,0.24737851
1,"USAQUÉN","OFICINAS",2010,7809,0.29349419
1,"USAQUÉN","OTROS",2010,1182,0.04442440
1,"USAQUÉN","UNIVERSIDADES Y COLEGIOS",2010,182,0.00684031
1,"USAQUÉN","BODEGAS",2011,1032,0.03819959
1,"USAQUÉN","CLINICAS, HOSPITALES, CENTROS MEDICOS",2011,29,0.00107344
1,"USAQUÉN","COMERCIO",2011,9096,0.33668937
1,"USAQUÉN","HOTELES",2011,765,0.02831655
1,"USAQUÉN","INDUSTRIA",2011,39,0.00144359
1,"USAQUÉN","LOTES",2011,5953,0.22035090
1,"USAQUÉN","OFICINAS",2011,8640,0.31981048
1,"USAQUÉN","OTROS",2011,1272,0.04708321
1,"USAQUÉN","UNIVERSIDADES Y COLEGIOS",2011,190,0.00703287
1,"USAQUÉN","BODEGAS",2012,1023,0.03635782
1,"USAQUÉN","CLINICAS, HOSPITALES, CENTROS MEDICOS",2012,26,0.00092405
1,"USAQUÉN","COMERCIO",2012,9138,0.32476810
1,"USAQUÉN","HOTELES",2012,767,0.02725948
1,"USAQUÉN","INDUSTRIA",2012,38,0.00135053
1,"USAQUÉN","LOTES",2012,6319,0.22457973
1,"USAQUÉN","OFICINAS",2012,9307,0.33077443
1,"USAQUÉN","OTROS",2012,1325,0.04709102
1,"USAQUÉN","UNIVERSIDADES Y COLEGIOS",2012,194,0.00689484
1,"USAQUÉN","BODEGAS",2013,1018,0.03655165
1,"USAQUÉN","CLINICAS, HOSPITALES, CENTROS MEDICOS",2013,26,0.00093354
1,"USAQUÉN","COMERCIO",2013,9155,0.32871351
1,"USAQUÉN","HOTELES",2013,807,0.02897562
1,"USAQUÉN","INDUSTRIA",2013,38,0.00136440
1,"USAQUÉN","LOTES",2013,5928,0.21284694
1,"USAQUÉN","OFICINAS",2013,9345,0.33553553
1,"USAQUÉN","OTROS",2013,1341,0.04814908
1,"USAQUÉN","UNIVERSIDADES Y COLEGIOS",2013,193,0.00692973
1,"USAQUÉN","BODEGAS",2014,1016,0.03569923
1,"USAQUÉN","CLINICAS, HOSPITALES, CENTROS MEDICOS",2014,25,0.00087843
1,"USAQUÉN","COMERCIO",2014,9230,0.32431483
1,"USAQUÉN","HOTELES",2014,814,0.02860155
1,"USAQUÉN","INDUSTRIA",2014,38,0.00133521
1,"USAQUÉN","LOTES",2014,6165,0.21661982
1,"USAQUÉN","OFICINAS",2014,9615,0.33784259
1,"USAQUÉN","OTROS",2014,1369,0.04810260
1,"USAQUÉN","UNIVERSIDADES Y COLEGIOS",2014,188,0.00660576
1,"USAQUÉN","BODEGAS",2015,1063,0.03661982
1,"USAQUÉN","CLINICAS, HOSPITALES, CENTROS MEDICOS",2015,26,0.00089569
1,"USAQUÉN","COMERCIO",2015,9267,0.31924349
1,"USAQUÉN","HOTELES",2015,806,0.02776629
1,"USAQUÉN","INDUSTRIA",2015,39,0.00134353
1,"USAQUÉN","LOTES",2015,6375,0.21961554
1,"USAQUÉN","OFICINAS",2015,9894,0.34084332
1,"USAQUÉN","OTROS",2015,1372,0.04726471
1,"USAQUÉN","UNIVERSIDADES Y COLEGIOS",2015,186,0.00640761
1,"USAQUÉN","BODEGAS",2016,1070,0.03653498
1,"USAQUÉN","CLINICAS, HOSPITALES, CENTROS MEDICOS",2016,26,0.00088777
1,"USAQUÉN","COMERCIO",2016,9276,0.31672756
1,"USAQUÉN","HOTELES",2016,894,0.03052549
1,"USAQUÉN","INDUSTRIA",2016,39,0.00133165
1,"USAQUÉN","LOTES",2016,6263,0.21384915
1,"USAQUÉN","OFICINAS",2016,10123,0.34564824
1,"USAQUÉN","OTROS",2016,1411,0.04817837
1,"USAQUÉN","UNIVERSIDADES Y COLEGIOS",2016,185,0.00631680
1,"USAQUÉN","BODEGAS",2017,1123,0.03895248
1,"USAQUÉN","CLINICAS, HOSPITALES, CENTROS MEDICOS",2017,25,0.00086715
1,"USAQUÉN","COMERCIO",2017,9269,0.32150538
1,"USAQUÉN","HOTELES",2017,911,0.03159903
1,"USAQUÉN","INDUSTRIA",2017,39,0.00135276
1,"USAQUÉN","LOTES",2017,5671,0.19670482
1,"USAQUÉN","OFICINAS",2017,10273,0.35633021
1,"USAQUÉN","OTROS",2017,1336,0.04634062
1,"USAQUÉN","UNIVERSIDADES Y COLEGIOS",2017,183,0.00634755
1,"USAQUÉN","BODEGAS",2018,1148,0.03957120
1,"USAQUÉN","CLINICAS, HOSPITALES, CENTROS MEDICOS",2018,26,0.00089621
1,"USAQUÉN","COMERCIO",2018,9296,0.32043018
1,"USAQUÉN","HOTELES",2018,912,0.03143635
1,"USAQUÉN","INDUSTRIA",2018,39,0.00134432
1,"USAQUÉN","LOTES",2018,5639,0.19437455
1,"USAQUÉN","OFICINAS",2018,10435,0.35969115
1,"USAQUÉN","OTROS",2018,1332,0.04591362
1,"USAQUÉN","UNIVERSIDADES Y COLEGIOS",2018,184,0.00634242
2,"CHAPINERO","BODEGAS",2010,143,0.00457615
2,"CHAPINERO","CLINICAS, HOSPITALES, CENTROS MEDICOS",2010,31,0.00099203
2,"CHAPINERO","COMERCIO",2010,8172,0.26151237
2,"CHAPINERO","HOTELES",2010,1634,0.05228967
2,"CHAPINERO","INDUSTRIA",2010,2,0.00006400
2,"CHAPINERO","LOTES",2010,2605,0.08336267
2,"CHAPINERO","OFICINAS",2010,17817,0.57016225
2,"CHAPINERO","OTROS",2010,592,0.01894461
2,"CHAPINERO","UNIVERSIDADES Y COLEGIOS",2010,253,0.00809626
2,"CHAPINERO","BODEGAS",2011,141,0.00429904
2,"CHAPINERO","CLINICAS, HOSPITALES, CENTROS MEDICOS",2011,33,0.00100616
2,"CHAPINERO","COMERCIO",2011,8252,0.25160071
2,"CHAPINERO","HOTELES",2011,1811,0.05521678
2,"CHAPINERO","INDUSTRIA",2011,1,0.00003049
2,"CHAPINERO","LOTES",2011,2875,0.08765778
2,"CHAPINERO","OFICINAS",2011,18838,0.57436429
2,"CHAPINERO","OTROS",2011,593,0.01808037
2,"CHAPINERO","UNIVERSIDADES Y COLEGIOS",2011,254,0.00774437
2,"CHAPINERO","BODEGAS",2012,139,0.00423587
2,"CHAPINERO","CLINICAS, HOSPITALES, CENTROS MEDICOS",2012,32,0.00097516
2,"CHAPINERO","COMERCIO",2012,8322,0.25360353
2,"CHAPINERO","HOTELES",2012,1853,0.05646808
2,"CHAPINERO","INDUSTRIA",2012,0,0.00000000
2,"CHAPINERO","LOTES",2012,2442,0.07441719
2,"CHAPINERO","OFICINAS",2012,19195,0.58494591
2,"CHAPINERO","OTROS",2012,592,0.01804053
2,"CHAPINERO","UNIVERSIDADES Y COLEGIOS",2012,240,0.00731373
2,"CHAPINERO","BODEGAS",2013,132,0.00397471
2,"CHAPINERO","CLINICAS, HOSPITALES, CENTROS MEDICOS",2013,31,0.00093345
2,"CHAPINERO","COMERCIO",2013,8336,0.25100873
2,"CHAPINERO","HOTELES",2013,1904,0.05733213
2,"CHAPINERO","INDUSTRIA",2013,,0.00000000
2,"CHAPINERO","LOTES",2013,2387,0.07187594
2,"CHAPINERO","OFICINAS",2013,19605,0.59033424
2,"CHAPINERO","OTROS",2013,579,0.01743451
2,"CHAPINERO","UNIVERSIDADES Y COLEGIOS",2013,236,0.00710629
2,"CHAPINERO","BODEGAS",2014,115,0.00341135
2,"CHAPINERO","CLINICAS, HOSPITALES, CENTROS MEDICOS",2014,32,0.00094925
2,"CHAPINERO","COMERCIO",2014,8354,0.24781229
2,"CHAPINERO","HOTELES",2014,1973,0.05852689
2,"CHAPINERO","INDUSTRIA",2014,0,0.00000000
2,"CHAPINERO","LOTES",2014,2611,0.07745246
2,"CHAPINERO","OFICINAS",2014,19784,0.58687075
2,"CHAPINERO","OTROS",2014,591,0.01753137
2,"CHAPINERO","UNIVERSIDADES Y COLEGIOS",2014,251,0.00744564
2,"CHAPINERO","BODEGAS",2015,111,0.00325437
2,"CHAPINERO","CLINICAS, HOSPITALES, CENTROS MEDICOS",2015,32,0.00093820
2,"CHAPINERO","COMERCIO",2015,8456,0.24791838
2,"CHAPINERO","HOTELES",2015,2006,0.05881318
2,"CHAPINERO","INDUSTRIA",2015,1,0.00002932
2,"CHAPINERO","LOTES",2015,2341,0.06863492
2,"CHAPINERO","OFICINAS",2015,20314,0.59557875
2,"CHAPINERO","OTROS",2015,604,0.01770846
2,"CHAPINERO","UNIVERSIDADES Y COLEGIOS",2015,243,0.00712443
2,"CHAPINERO","BODEGAS",2016,106,0.00308876
2,"CHAPINERO","CLINICAS, HOSPITALES, CENTROS MEDICOS",2016,32,0.00093246
2,"CHAPINERO","COMERCIO",2016,8455,0.24637217
2,"CHAPINERO","HOTELES",2016,2007,0.05848243
2,"CHAPINERO","INDUSTRIA",2016,1,0.00002914
2,"CHAPINERO","LOTES",2016,2270,0.06614605
2,"CHAPINERO","OFICINAS",2016,20561,0.59913165
2,"CHAPINERO","OTROS",2016,642,0.01870738
2,"CHAPINERO","UNIVERSIDADES Y COLEGIOS",2016,244,0.00710997
2,"CHAPINERO","BODEGAS",2017,120,0.00347252
2,"CHAPINERO","CLINICAS, HOSPITALES, CENTROS MEDICOS",2017,31,0.00089707
2,"CHAPINERO","COMERCIO",2017,8469,0.24507336
2,"CHAPINERO","HOTELES",2017,2065,0.05975634
2,"CHAPINERO","INDUSTRIA",2017,1,0.00002894
2,"CHAPINERO","LOTES",2017,2298,0.06649883
2,"CHAPINERO","OFICINAS",2017,20762,0.60080447
2,"CHAPINERO","OTROS",2017,565,0.01634980
2,"CHAPINERO","UNIVERSIDADES Y COLEGIOS",2017,246,0.00711867
2,"CHAPINERO","BODEGAS",2018,121,0.00348542
2,"CHAPINERO","CLINICAS, HOSPITALES, CENTROS MEDICOS",2018,27,0.00077774
2,"CHAPINERO","COMERCIO",2018,8475,0.24412375
2,"CHAPINERO","HOTELES",2018,2067,0.05954027
2,"CHAPINERO","INDUSTRIA",2018,1,0.00002881
2,"CHAPINERO","LOTES",2018,2274,0.06550294
2,"CHAPINERO","OFICINAS",2018,20922,0.60266160
2,"CHAPINERO","OTROS",2018,561,0.01615970
2,"CHAPINERO","UNIVERSIDADES Y COLEGIOS",2018,268,0.00771978
3,"SANTA FÉ","BODEGAS",2010,237,0.01016775
3,"SANTA FÉ","CLINICAS, HOSPITALES, CENTROS MEDICOS",2010,2,0.00008580
3,"SANTA FÉ","COMERCIO",2010,8542,0.36646789
3,"SANTA FÉ","HOTELES",2010,79,0.00338925
3,"SANTA FÉ","INDUSTRIA",2010,9,0.00038612
3,"SANTA FÉ","LOTES",2010,2900,0.12441546
3,"SANTA FÉ","OFICINAS",2010,10075,0.43223648
3,"SANTA FÉ","OTROS",2010,1326,0.05688790
3,"SANTA FÉ","UNIVERSIDADES Y COLEGIOS",2010,139,0.00596336
3,"SANTA FÉ","BODEGAS",2011,244,0.01040201
3,"SANTA FÉ","CLINICAS, HOSPITALES, CENTROS MEDICOS",2011,2,0.00008526
3,"SANTA FÉ","COMERCIO",2011,8540,0.36407043
3,"SANTA FÉ","HOTELES",2011,78,0.00332523
3,"SANTA FÉ","INDUSTRIA",2011,7,0.00029842
3,"SANTA FÉ","LOTES",2011,2981,0.12708360
3,"SANTA FÉ","OFICINAS",2011,10107,0.43087351
3,"SANTA FÉ","OTROS",2011,1357,0.05785054
3,"SANTA FÉ","UNIVERSIDADES Y COLEGIOS",2011,141,0.00601100
3,"SANTA FÉ","BODEGAS",2012,239,0.01014474
3,"SANTA FÉ","CLINICAS, HOSPITALES, CENTROS MEDICOS",2012,2,0.00008489
3,"SANTA FÉ","COMERCIO",2012,8560,0.36334310
3,"SANTA FÉ","HOTELES",2012,77,0.00326839
3,"SANTA FÉ","INDUSTRIA",2012,6,0.00025468
3,"SANTA FÉ","LOTES",2012,2971,0.12610892
3,"SANTA FÉ","OFICINAS",2012,10198,0.43287067
3,"SANTA FÉ","OTROS",2012,1365,0.05793964
3,"SANTA FÉ","UNIVERSIDADES Y COLEGIOS",2012,141,0.00598497
3,"SANTA FÉ","BODEGAS",2013,237,0.01007139
3,"SANTA FÉ","CLINICAS, HOSPITALES, CENTROS MEDICOS",2013,2,0.00008499
3,"SANTA FÉ","COMERCIO",2013,8567,0.36405745
3,"SANTA FÉ","HOTELES",2013,77,0.00327214
3,"SANTA FÉ","INDUSTRIA",2013,6,0.00025497
3,"SANTA FÉ","LOTES",2013,2855,0.12132415
3,"SANTA FÉ","OFICINAS",2013,10262,0.43608703
3,"SANTA FÉ","OTROS",2013,1379,0.05860105
3,"SANTA FÉ","UNIVERSIDADES Y COLEGIOS",2013,147,0.00624681
3,"SANTA FÉ","BODEGAS",2014,230,0.00971079
3,"SANTA FÉ","CLINICAS, HOSPITALES, CENTROS MEDICOS",2014,3,0.00012666
3,"SANTA FÉ","COMERCIO",2014,8556,0.36124129
3,"SANTA FÉ","HOTELES",2014,141,0.00595313
3,"SANTA FÉ","INDUSTRIA",2014,4,0.00016888
3,"SANTA FÉ","LOTES",2014,3000,0.12666244
3,"SANTA FÉ","OFICINAS",2014,10206,0.43090564
3,"SANTA FÉ","OTROS",2014,1391,0.05872915
3,"SANTA FÉ","UNIVERSIDADES Y COLEGIOS",2014,154,0.00650201
3,"SANTA FÉ","BODEGAS",2015,235,0.00975306
3,"SANTA FÉ","CLINICAS, HOSPITALES, CENTROS MEDICOS",2015,3,0.00012451
3,"SANTA FÉ","COMERCIO",2015,8540,0.35443038
3,"SANTA FÉ","HOTELES",2015,143,0.00593484
3,"SANTA FÉ","INDUSTRIA",2015,4,0.00016601
3,"SANTA FÉ","LOTES",2015,3401,0.14114962
3,"SANTA FÉ","OFICINAS",2015,10222,0.42423739
3,"SANTA FÉ","OTROS",2015,1381,0.05731480
3,"SANTA FÉ","UNIVERSIDADES Y COLEGIOS",2015,166,0.00688940
3,"SANTA FÉ","BODEGAS",2016,239,0.00992195
3,"SANTA FÉ","CLINICAS, HOSPITALES, CENTROS MEDICOS",2016,3,0.00012454
3,"SANTA FÉ","COMERCIO",2016,8594,0.35677516
3,"SANTA FÉ","HOTELES",2016,145,0.00601959
3,"SANTA FÉ","INDUSTRIA",2016,4,0.00016606
3,"SANTA FÉ","LOTES",2016,3316,0.13766191
3,"SANTA FÉ","OFICINAS",2016,10214,0.42402856
3,"SANTA FÉ","OTROS",2016,1403,0.05824477
3,"SANTA FÉ","UNIVERSIDADES Y COLEGIOS",2016,170,0.00705746
3,"SANTA FÉ","BODEGAS",2017,246,0.01023507
3,"SANTA FÉ","CLINICAS, HOSPITALES, CENTROS MEDICOS",2017,3,0.00012482
3,"SANTA FÉ","COMERCIO",2017,8539,0.35527356
3,"SANTA FÉ","HOTELES",2017,215,0.00894529
3,"SANTA FÉ","INDUSTRIA",2017,4,0.00016642
3,"SANTA FÉ","LOTES",2017,3343,0.13908883
3,"SANTA FÉ","OFICINAS",2017,10292,0.42820886
3,"SANTA FÉ","OTROS",2017,1227,0.05105055
3,"SANTA FÉ","UNIVERSIDADES Y COLEGIOS",2017,166,0.00690659
3,"SANTA FÉ","BODEGAS",2018,236,0.00963108
3,"SANTA FÉ","CLINICAS, HOSPITALES, CENTROS MEDICOS",2018,3,0.00012243
3,"SANTA FÉ","COMERCIO",2018,9082,0.37063337
3,"SANTA FÉ","HOTELES",2018,215,0.00877408
3,"SANTA FÉ","INDUSTRIA",2018,4,0.00016324
3,"SANTA FÉ","LOTES",2018,3302,0.13475351
3,"SANTA FÉ","OFICINAS",2018,10267,0.41899282
3,"SANTA FÉ","OTROS",2018,1228,0.05011427
3,"SANTA FÉ","UNIVERSIDADES Y COLEGIOS",2018,167,0.00681521
4,"SAN CRISTÓBAL","BODEGAS",2010,394,0.02629296
4,"SAN CRISTÓBAL","CLINICAS, HOSPITALES, CENTROS MEDICOS",2010,10,0.00066733
4,"SAN CRISTÓBAL","COMERCIO",2010,1267,0.08455122
4,"SAN CRISTÓBAL","HOTELES",2010,0,0.00000000
4,"SAN CRISTÓBAL","INDUSTRIA",2010,35,0.00233567
4,"SAN CRISTÓBAL","LOTES",2010,12168,0.81201201
4,"SAN CRISTÓBAL","OFICINAS",2010,345,0.02302302
4,"SAN CRISTÓBAL","OTROS",2010,566,0.03777110
4,"SAN CRISTÓBAL","UNIVERSIDADES Y COLEGIOS",2010,200,0.01334668
4,"SAN CRISTÓBAL","BODEGAS",2011,410,0.02821554
4,"SAN CRISTÓBAL","CLINICAS, HOSPITALES, CENTROS MEDICOS",2011,11,0.00075700
4,"SAN CRISTÓBAL","COMERCIO",2011,1279,0.08801872
4,"SAN CRISTÓBAL","HOTELES",2011,0,0.00000000
4,"SAN CRISTÓBAL","INDUSTRIA",2011,36,0.00247746
4,"SAN CRISTÓBAL","LOTES",2011,11547,0.79464593
4,"SAN CRISTÓBAL","OFICINAS",2011,388,0.02670153
4,"SAN CRISTÓBAL","OTROS",2011,658,0.04528250
4,"SAN CRISTÓBAL","UNIVERSIDADES Y COLEGIOS",2011,202,0.01390131
4,"SAN CRISTÓBAL","BODEGAS",2012,413,0.02868852
4,"SAN CRISTÓBAL","CLINICAS, HOSPITALES, CENTROS MEDICOS",2012,10,0.00069464
4,"SAN CRISTÓBAL","COMERCIO",2012,1304,0.09058072
4,"SAN CRISTÓBAL","HOTELES",2012,0,0.00000000
4,"SAN CRISTÓBAL","INDUSTRIA",2012,27,0.00187552
4,"SAN CRISTÓBAL","LOTES",2012,11372,0.78994165
4,"SAN CRISTÓBAL","OFICINAS",2012,396,0.02750764
4,"SAN CRISTÓBAL","OTROS",2012,671,0.04661017
4,"SAN CRISTÓBAL","UNIVERSIDADES Y COLEGIOS",2012,203,0.01410114
4,"SAN CRISTÓBAL","BODEGAS",2013,408,0.02791270
4,"SAN CRISTÓBAL","CLINICAS, HOSPITALES, CENTROS MEDICOS",2013,10,0.00068413
4,"SAN CRISTÓBAL","COMERCIO",2013,1308,0.08948485
4,"SAN CRISTÓBAL","HOTELES",2013,0,0.00000000
4,"SAN CRISTÓBAL","INDUSTRIA",2013,30,0.00205240
4,"SAN CRISTÓBAL","LOTES",2013,11564,0.79113361
4,"SAN CRISTÓBAL","OFICINAS",2013,412,0.02818636
4,"SAN CRISTÓBAL","OTROS",2013,682,0.04665800
4,"SAN CRISTÓBAL","UNIVERSIDADES Y COLEGIOS",2013,203,0.01388794
4,"SAN CRISTÓBAL","BODEGAS",2014,395,0.02703258
4,"SAN CRISTÓBAL","CLINICAS, HOSPITALES, CENTROS MEDICOS",2014,11,0.00075281
4,"SAN CRISTÓBAL","COMERCIO",2014,1322,0.09047358
4,"SAN CRISTÓBAL","HOTELES",2014,0,0.00000000
4,"SAN CRISTÓBAL","INDUSTRIA",2014,26,0.00177936
4,"SAN CRISTÓBAL","LOTES",2014,11524,0.78866685
4,"SAN CRISTÓBAL","OFICINAS",2014,426,0.02915412
4,"SAN CRISTÓBAL","OTROS",2014,711,0.04865864
4,"SAN CRISTÓBAL","UNIVERSIDADES Y COLEGIOS",2014,197,0.01348207
4,"SAN CRISTÓBAL","BODEGAS",2015,407,0.02832487
4,"SAN CRISTÓBAL","CLINICAS, HOSPITALES, CENTROS MEDICOS",2015,11,0.00076554
4,"SAN CRISTÓBAL","COMERCIO",2015,1417,0.09861507
4,"SAN CRISTÓBAL","HOTELES",2015,0,0.00000000
4,"SAN CRISTÓBAL","INDUSTRIA",2015,16,0.00111351
4,"SAN CRISTÓBAL","LOTES",2015,11136,0.77500174
4,"SAN CRISTÓBAL","OFICINAS",2015,430,0.02992553
4,"SAN CRISTÓBAL","OTROS",2015,754,0.05247408
4,"SAN CRISTÓBAL","UNIVERSIDADES Y COLEGIOS",2015,198,0.01377966
4,"SAN CRISTÓBAL","BODEGAS",2016,400,0.02971768
4,"SAN CRISTÓBAL","CLINICAS, HOSPITALES, CENTROS MEDICOS",2016,11,0.00081724
4,"SAN CRISTÓBAL","COMERCIO",2016,1419,0.10542348
4,"SAN CRISTÓBAL","HOTELES",2016,0,0.00000000
4,"SAN CRISTÓBAL","INDUSTRIA",2016,16,0.00118871
4,"SAN CRISTÓBAL","LOTES",2016,10245,0.76114413
4,"SAN CRISTÓBAL","OFICINAS",2016,431,0.03202080
4,"SAN CRISTÓBAL","OTROS",2016,744,0.05527489
4,"SAN CRISTÓBAL","UNIVERSIDADES Y COLEGIOS",2016,194,0.01441308
4,"SAN CRISTÓBAL","BODEGAS",2017,399,0.03007009
4,"SAN CRISTÓBAL","CLINICAS, HOSPITALES, CENTROS MEDICOS",2017,11,0.00082900
4,"SAN CRISTÓBAL","COMERCIO",2017,1447,0.10905117
4,"SAN CRISTÓBAL","HOTELES",2017,0,0.00000000
4,"SAN CRISTÓBAL","INDUSTRIA",2017,16,0.00120582
4,"SAN CRISTÓBAL","LOTES",2017,10025,0.75552039
4,"SAN CRISTÓBAL","OFICINAS",2017,427,0.03218027
4,"SAN CRISTÓBAL","OTROS",2017,753,0.05674881
4,"SAN CRISTÓBAL","UNIVERSIDADES Y COLEGIOS",2017,191,0.01439445
4,"SAN CRISTÓBAL","BODEGAS",2018,434,0.03315255
4,"SAN CRISTÓBAL","CLINICAS, HOSPITALES, CENTROS MEDICOS",2018,11,0.00084027
4,"SAN CRISTÓBAL","COMERCIO",2018,1437,0.10977007
4,"SAN CRISTÓBAL","HOTELES",2018,0,0.00000000
4,"SAN CRISTÓBAL","INDUSTRIA",2018,14,0.00106944
4,"SAN CRISTÓBAL","LOTES",2018,9820,0.75013368
4,"SAN CRISTÓBAL","OFICINAS",2018,421,0.03215950
4,"SAN CRISTÓBAL","OTROS",2018,766,0.05851348
4,"SAN CRISTÓBAL","UNIVERSIDADES Y COLEGIOS",2018,188,0.01436101
5,"USME","BODEGAS",2010,197,0.01088518
5,"USME","CLINICAS, HOSPITALES, CENTROS MEDICOS",2010,6,0.00033153
5,"USME","COMERCIO",2010,849,0.04691126
5,"USME","HOTELES",2010,0,0.00000000
5,"USME","INDUSTRIA",2010,14,0.00077357
5,"USME","LOTES",2010,15960,0.88186540
5,"USME","OFICINAS",2010,306,0.01690795
5,"USME","OTROS",2010,561,0.03099790
5,"USME","UNIVERSIDADES Y COLEGIOS",2010,205,0.01132722
5,"USME","BODEGAS",2011,213,0.01206936
5,"USME","CLINICAS, HOSPITALES, CENTROS MEDICOS",2011,6,0.00033998
5,"USME","COMERCIO",2011,873,0.04946736
5,"USME","HOTELES",2011,0,0.00000000
5,"USME","INDUSTRIA",2011,18,0.00101995
5,"USME","LOTES",2011,15361,0.87041024
5,"USME","OFICINAS",2011,330,0.01869900
5,"USME","OTROS",2011,637,0.03609474
5,"USME","UNIVERSIDADES Y COLEGIOS",2011,210,0.01189937
5,"USME","BODEGAS",2012,213,0.01237940
5,"USME","CLINICAS, HOSPITALES, CENTROS MEDICOS",2012,6,0.00034872
5,"USME","COMERCIO",2012,890,0.05172614
5,"USME","HOTELES",2012,0,0.00000000
5,"USME","INDUSTRIA",2012,18,0.00104615
5,"USME","LOTES",2012,14865,0.86394281
5,"USME","OFICINAS",2012,346,0.02010926
5,"USME","OTROS",2012,659,0.03830059
5,"USME","UNIVERSIDADES Y COLEGIOS",2012,209,0.01214693
5,"USME","BODEGAS",2013,218,0.01298315
5,"USME","CLINICAS, HOSPITALES, CENTROS MEDICOS",2013,6,0.00035733
5,"USME","COMERCIO",2013,887,0.05282592
5,"USME","HOTELES",2013,0,0.00000000
5,"USME","INDUSTRIA",2013,18,0.00107200
5,"USME","LOTES",2013,14415,0.85849562
5,"USME","OFICINAS",2013,357,0.02126139
5,"USME","OTROS",2013,681,0.04055744
5,"USME","UNIVERSIDADES Y COLEGIOS",2013,209,0.01244714
5,"USME","BODEGAS",2014,224,0.01372297
5,"USME","CLINICAS, HOSPITALES, CENTROS MEDICOS",2014,6,0.00036758
5,"USME","COMERCIO",2014,902,0.05525945
5,"USME","HOTELES",2014,0,0.00000000
5,"USME","INDUSTRIA",2014,18,0.00110274
5,"USME","LOTES",2014,13912,0.85229431
5,"USME","OFICINAS",2014,358,0.02193224
5,"USME","OTROS",2014,691,0.04233290
5,"USME","UNIVERSIDADES Y COLEGIOS",2014,212,0.01298781
5,"USME","BODEGAS",2015,223,0.01415244
5,"USME","CLINICAS, HOSPITALES, CENTROS MEDICOS",2015,6,0.00038078
5,"USME","COMERCIO",2015,902,0.05724440
5,"USME","HOTELES",2015,0,0.00000000
5,"USME","INDUSTRIA",2015,18,0.00114235
5,"USME","LOTES",2015,13249,0.84083265
5,"USME","OFICINAS",2015,376,0.02386241
5,"USME","OTROS",2015,759,0.04816907
5,"USME","UNIVERSIDADES Y COLEGIOS",2015,224,0.01421590
5,"USME","BODEGAS",2016,225,0.01451800
5,"USME","CLINICAS, HOSPITALES, CENTROS MEDICOS",2016,6,0.00038715
5,"USME","COMERCIO",2016,903,0.05826558
5,"USME","HOTELES",2016,0,0.00000000
5,"USME","INDUSTRIA",2016,16,0.00103239
5,"USME","LOTES",2016,12987,0.83797909
5,"USME","OFICINAS",2016,381,0.02458382
5,"USME","OTROS",2016,757,0.04884501
5,"USME","UNIVERSIDADES Y COLEGIOS",2016,223,0.01438895
5,"USME","BODEGAS",2017,230,0.01488962
5,"USME","CLINICAS, HOSPITALES, CENTROS MEDICOS",2017,6,0.00038842
5,"USME","COMERCIO",2017,916,0.05929954
5,"USME","HOTELES",2017,0,0.00000000
5,"USME","INDUSTRIA",2017,15,0.00097106
5,"USME","LOTES",2017,12912,0.83589046
5,"USME","OFICINAS",2017,382,0.02472972
5,"USME","OTROS",2017,765,0.04952418
5,"USME","UNIVERSIDADES Y COLEGIOS",2017,221,0.01430699
5,"USME","BODEGAS",2018,233,0.01526368
5,"USME","CLINICAS, HOSPITALES, CENTROS MEDICOS",2018,6,0.00039306
5,"USME","COMERCIO",2018,921,0.06033410
5,"USME","HOTELES",2018,0,0.00000000
5,"USME","INDUSTRIA",2018,17,0.00111366
5,"USME","LOTES",2018,12692,0.83144448
5,"USME","OFICINAS",2018,394,0.02581068
5,"USME","OTROS",2018,781,0.05116279
5,"USME","UNIVERSIDADES Y COLEGIOS",2018,221,0.01447756
6,"TUNJUELITO","BODEGAS",2010,350,0.08323424
6,"TUNJUELITO","CLINICAS, HOSPITALES, CENTROS MEDICOS",2010,4,0.00095125
6,"TUNJUELITO","COMERCIO",2010,1127,0.26801427
6,"TUNJUELITO","HOTELES",2010,0,0.00000000
6,"TUNJUELITO","INDUSTRIA",2010,54,0.01284185
6,"TUNJUELITO","LOTES",2010,1352,0.32152200
6,"TUNJUELITO","OFICINAS",2010,219,0.05208086
6,"TUNJUELITO","OTROS",2010,990,0.23543401
6,"TUNJUELITO","UNIVERSIDADES Y COLEGIOS",2010,109,0.02592152
6,"TUNJUELITO","BODEGAS",2011,372,0.08647141
6,"TUNJUELITO","CLINICAS, HOSPITALES, CENTROS MEDICOS",2011,4,0.00092980
6,"TUNJUELITO","COMERCIO",2011,1137,0.26429568
6,"TUNJUELITO","HOTELES",2011,0,0.00000000
6,"TUNJUELITO","INDUSTRIA",2011,52,0.01208740
6,"TUNJUELITO","LOTES",2011,1284,0.29846583
6,"TUNJUELITO","OFICINAS",2011,258,0.05997211
6,"TUNJUELITO","OTROS",2011,1090,0.25337053
6,"TUNJUELITO","UNIVERSIDADES Y COLEGIOS",2011,105,0.02440725
6,"TUNJUELITO","BODEGAS",2012,371,0.08619888
6,"TUNJUELITO","CLINICAS, HOSPITALES, CENTROS MEDICOS",2012,4,0.00092937
6,"TUNJUELITO","COMERCIO",2012,1142,0.26533457
6,"TUNJUELITO","HOTELES",2012,0,0.00000000
6,"TUNJUELITO","INDUSTRIA",2012,52,0.01208178
6,"TUNJUELITO","LOTES",2012,1249,0.29019517
6,"TUNJUELITO","OFICINAS",2012,267,0.06203532
6,"TUNJUELITO","OTROS",2012,1116,0.25929368
6,"TUNJUELITO","UNIVERSIDADES Y COLEGIOS",2012,103,0.02393123
6,"TUNJUELITO","BODEGAS",2013,375,0.08911597
6,"TUNJUELITO","CLINICAS, HOSPITALES, CENTROS MEDICOS",2013,4,0.00095057
6,"TUNJUELITO","COMERCIO",2013,1126,0.26758555
6,"TUNJUELITO","HOTELES",2013,0,0.00000000
6,"TUNJUELITO","INDUSTRIA",2013,54,0.01283270
6,"TUNJUELITO","LOTES",2013,1134,0.26948669
6,"TUNJUELITO","OFICINAS",2013,274,0.06511407
6,"TUNJUELITO","OTROS",2013,1135,0.26972433
6,"TUNJUELITO","UNIVERSIDADES Y COLEGIOS",2013,106,0.02519011
6,"TUNJUELITO","BODEGAS",2014,374,0.08977436
6,"TUNJUELITO","CLINICAS, HOSPITALES, CENTROS MEDICOS",2014,4,0.00096015
6,"TUNJUELITO","COMERCIO",2014,1123,0.26956313
6,"TUNJUELITO","HOTELES",2014,0,0.00000000
6,"TUNJUELITO","INDUSTRIA",2014,52,0.01248200
6,"TUNJUELITO","LOTES",2014,1088,0.26116179
6,"TUNJUELITO","OFICINAS",2014,271,0.06505041
6,"TUNJUELITO","OTROS",2014,1149,0.27580413
6,"TUNJUELITO","UNIVERSIDADES Y COLEGIOS",2014,105,0.02520403
6,"TUNJUELITO","BODEGAS",2015,377,0.08845612
6,"TUNJUELITO","CLINICAS, HOSPITALES, CENTROS MEDICOS",2015,4,0.00093853
6,"TUNJUELITO","COMERCIO",2015,1119,0.26255279
6,"TUNJUELITO","HOTELES",2015,0,0.00000000
6,"TUNJUELITO","INDUSTRIA",2015,52,0.01220084
6,"TUNJUELITO","LOTES",2015,1169,0.27428437
6,"TUNJUELITO","OFICINAS",2015,280,0.06569686
6,"TUNJUELITO","OTROS",2015,1150,0.26982637
6,"TUNJUELITO","UNIVERSIDADES Y COLEGIOS",2015,111,0.02604411
6,"TUNJUELITO","BODEGAS",2016,367,0.08715270
6,"TUNJUELITO","CLINICAS, HOSPITALES, CENTROS MEDICOS",2016,4,0.00094989
6,"TUNJUELITO","COMERCIO",2016,1119,0.26573261
6,"TUNJUELITO","HOTELES",2016,0,0.00000000
6,"TUNJUELITO","INDUSTRIA",2016,52,0.01234861
6,"TUNJUELITO","LOTES",2016,1134,0.26929470
6,"TUNJUELITO","OFICINAS",2016,278,0.06601757
6,"TUNJUELITO","OTROS",2016,1151,0.27333175
6,"TUNJUELITO","UNIVERSIDADES Y COLEGIOS",2016,106,0.02517217
6,"TUNJUELITO","BODEGAS",2017,367,0.08875453
6,"TUNJUELITO","CLINICAS, HOSPITALES, CENTROS MEDICOS",2017,4,0.00096735
6,"TUNJUELITO","COMERCIO",2017,1125,0.27206771
6,"TUNJUELITO","HOTELES",2017,0,0.00000000
6,"TUNJUELITO","INDUSTRIA",2017,52,0.01257557
6,"TUNJUELITO","LOTES",2017,1092,0.26408706
6,"TUNJUELITO","OFICINAS",2017,277,0.06698912
6,"TUNJUELITO","OTROS",2017,1113,0.26916566
6,"TUNJUELITO","UNIVERSIDADES Y COLEGIOS",2017,105,0.02539299
6,"TUNJUELITO","BODEGAS",2018,368,0.08927705
6,"TUNJUELITO","CLINICAS, HOSPITALES, CENTROS MEDICOS",2018,4,0.00097040
6,"TUNJUELITO","COMERCIO",2018,1133,0.27486657
6,"TUNJUELITO","HOTELES",2018,0,0.00000000
6,"TUNJUELITO","INDUSTRIA",2018,52,0.01261524
6,"TUNJUELITO","LOTES",2018,1065,0.25836972
6,"TUNJUELITO","OFICINAS",2018,278,0.06744299
6,"TUNJUELITO","OTROS",2018,1117,0.27098496
6,"TUNJUELITO","UNIVERSIDADES Y COLEGIOS",2018,105,0.02547307
7,"BOSA","BODEGAS",2010,412,0.02935518
7,"BOSA","CLINICAS, HOSPITALES, CENTROS MEDICOS",2010,3,0.00021375
7,"BOSA","COMERCIO",2010,1587,0.11307446
7,"BOSA","HOTELES",2010,0,0.00000000
7,"BOSA","INDUSTRIA",2010,24,0.00171001
7,"BOSA","LOTES",2010,10040,0.71535447
7,"BOSA","OFICINAS",2010,399,0.02842893
7,"BOSA","OTROS",2010,1322,0.09419309
7,"BOSA","UNIVERSIDADES Y COLEGIOS",2010,248,0.01767011
7,"BOSA","BODEGAS",2011,442,0.03165509
7,"BOSA","CLINICAS, HOSPITALES, CENTROS MEDICOS",2011,3,0.00021485
7,"BOSA","COMERCIO",2011,1682,0.12046122
7,"BOSA","HOTELES",2011,1,0.00007162
7,"BOSA","INDUSTRIA",2011,25,0.00179045
7,"BOSA","LOTES",2011,9616,0.68867722
7,"BOSA","OFICINAS",2011,468,0.03351715
7,"BOSA","OTROS",2011,1479,0.10592280
7,"BOSA","UNIVERSIDADES Y COLEGIOS",2011,247,0.01768961
7,"BOSA","BODEGAS",2012,454,0.03999648
7,"BOSA","CLINICAS, HOSPITALES, CENTROS MEDICOS",2012,4,0.00035239
7,"BOSA","COMERCIO",2012,1724,0.15188089
7,"BOSA","HOTELES",2012,1,0.00008810
7,"BOSA","INDUSTRIA",2012,23,0.00202625
7,"BOSA","LOTES",2012,6869,0.60514492
7,"BOSA","OFICINAS",2012,502,0.04422518
7,"BOSA","OTROS",2012,1533,0.13505418
7,"BOSA","UNIVERSIDADES Y COLEGIOS",2012,241,0.02123161
7,"BOSA","BODEGAS",2013,469,0.04242808
7,"BOSA","CLINICAS, HOSPITALES, CENTROS MEDICOS",2013,5,0.00045232
7,"BOSA","COMERCIO",2013,1718,0.15541885
7,"BOSA","HOTELES",2013,1,0.00009046
7,"BOSA","INDUSTRIA",2013,24,0.00217116
7,"BOSA","LOTES",2013,6513,0.58919848
7,"BOSA","OFICINAS",2013,518,0.04686086
7,"BOSA","OTROS",2013,1560,0.14112538
7,"BOSA","UNIVERSIDADES Y COLEGIOS",2013,246,0.02225439
7,"BOSA","BODEGAS",2014,477,0.04497878
7,"BOSA","CLINICAS, HOSPITALES, CENTROS MEDICOS",2014,5,0.00047148
7,"BOSA","COMERCIO",2014,1858,0.17520038
7,"BOSA","HOTELES",2014,1,0.00009430
7,"BOSA","INDUSTRIA",2014,25,0.00235738
7,"BOSA","LOTES",2014,5898,0.55615276
7,"BOSA","OFICINAS",2014,517,0.04875059
7,"BOSA","OTROS",2014,1575,0.14851485
7,"BOSA","UNIVERSIDADES Y COLEGIOS",2014,249,0.02347949
7,"BOSA","BODEGAS",2015,492,0.04702734
7,"BOSA","CLINICAS, HOSPITALES, CENTROS MEDICOS",2015,5,0.00047792
7,"BOSA","COMERCIO",2015,2006,0.19174154
7,"BOSA","HOTELES",2015,1,0.00009558
7,"BOSA","INDUSTRIA",2015,24,0.00229402
7,"BOSA","LOTES",2015,5520,0.52762378
7,"BOSA","OFICINAS",2015,542,0.05180654
7,"BOSA","OTROS",2015,1620,0.15484611
7,"BOSA","UNIVERSIDADES Y COLEGIOS",2015,252,0.02408717
7,"BOSA","BODEGAS",2016,483,0.04582978
7,"BOSA","CLINICAS, HOSPITALES, CENTROS MEDICOS",2016,5,0.00047443
7,"BOSA","COMERCIO",2016,2016,0.19128950
7,"BOSA","HOTELES",2016,1,0.00009489
7,"BOSA","INDUSTRIA",2016,22,0.00208748
7,"BOSA","LOTES",2016,5575,0.52898757
7,"BOSA","OFICINAS",2016,546,0.05180757
7,"BOSA","OTROS",2016,1635,0.15513806
7,"BOSA","UNIVERSIDADES Y COLEGIOS",2016,256,0.02429073
7,"BOSA","BODEGAS",2017,488,0.04660046
7,"BOSA","CLINICAS, HOSPITALES, CENTROS MEDICOS",2017,5,0.00047746
7,"BOSA","COMERCIO",2017,2042,0.19499618
7,"BOSA","HOTELES",2017,1,0.00009549
7,"BOSA","INDUSTRIA",2017,22,0.00210084
7,"BOSA","LOTES",2017,5464,0.52177235
7,"BOSA","OFICINAS",2017,547,0.05223453
7,"BOSA","OTROS",2017,1648,0.15737204
7,"BOSA","UNIVERSIDADES Y COLEGIOS",2017,255,0.02435065
7,"BOSA","BODEGAS",2018,495,0.04683952
7,"BOSA","CLINICAS, HOSPITALES, CENTROS MEDICOS",2018,5,0.00047313
7,"BOSA","COMERCIO",2018,2041,0.19313020
7,"BOSA","HOTELES",2018,1,0.00009463
7,"BOSA","INDUSTRIA",2018,22,0.00208176
7,"BOSA","LOTES",2018,5570,0.52706283
7,"BOSA","OFICINAS",2018,549,0.05194928
7,"BOSA","OTROS",2018,1629,0.15414459
7,"BOSA","UNIVERSIDADES Y COLEGIOS",2018,256,0.02422407
8,"KENNEDY","BODEGAS",2010,2352,0.10441731
8,"KENNEDY","CLINICAS, HOSPITALES, CENTROS MEDICOS",2010,28,0.00124306
8,"KENNEDY","COMERCIO",2010,4313,0.19147614
8,"KENNEDY","HOTELES",2010,4,0.00017758
8,"KENNEDY","INDUSTRIA",2010,224,0.00994451
8,"KENNEDY","LOTES",2010,11091,0.49238624
8,"KENNEDY","OFICINAS",2010,1101,0.04887902
8,"KENNEDY","OTROS",2010,2982,0.13238624
8,"KENNEDY","UNIVERSIDADES Y COLEGIOS",2010,430,0.01908990
8,"KENNEDY","BODEGAS",2011,2371,0.10613725
8,"KENNEDY","CLINICAS, HOSPITALES, CENTROS MEDICOS",2011,29,0.00129818
8,"KENNEDY","COMERCIO",2011,4432,0.19839742
8,"KENNEDY","HOTELES",2011,4,0.00017906
8,"KENNEDY","INDUSTRIA",2011,254,0.01137025
8,"KENNEDY","LOTES",2011,10433,0.46703075
8,"KENNEDY","OFICINAS",2011,1192,0.05335960
8,"KENNEDY","OTROS",2011,3190,0.14279959
8,"KENNEDY","UNIVERSIDADES Y COLEGIOS",2011,434,0.01942791
8,"KENNEDY","BODEGAS",2012,2373,0.10855444
8,"KENNEDY","CLINICAS, HOSPITALES, CENTROS MEDICOS",2012,23,0.00105215
8,"KENNEDY","COMERCIO",2012,4549,0.20809698
8,"KENNEDY","HOTELES",2012,5,0.00022873
8,"KENNEDY","INDUSTRIA",2012,241,0.01102470
8,"KENNEDY","LOTES",2012,9685,0.44304666
8,"KENNEDY","OFICINAS",2012,1255,0.05741080
8,"KENNEDY","OTROS",2012,3292,0.15059469
8,"KENNEDY","UNIVERSIDADES Y COLEGIOS",2012,437,0.01999085
8,"KENNEDY","BODEGAS",2013,2356,0.10891272
8,"KENNEDY","CLINICAS, HOSPITALES, CENTROS MEDICOS",2013,22,0.00101701
8,"KENNEDY","COMERCIO",2013,4527,0.20927330
8,"KENNEDY","HOTELES",2013,6,0.00027737
8,"KENNEDY","INDUSTRIA",2013,239,0.01104845
8,"KENNEDY","LOTES",2013,9398,0.43444896
8,"KENNEDY","OFICINAS",2013,1299,0.06004993
8,"KENNEDY","OTROS",2013,3346,0.15467825
8,"KENNEDY","UNIVERSIDADES Y COLEGIOS",2013,439,0.02029401
8,"KENNEDY","BODEGAS",2014,2337,0.10772564
8,"KENNEDY","CLINICAS, HOSPITALES, CENTROS MEDICOS",2014,31,0.00142897
8,"KENNEDY","COMERCIO",2014,4584,0.21130266
8,"KENNEDY","HOTELES",2014,6,0.00027657
8,"KENNEDY","INDUSTRIA",2014,253,0.01166221
8,"KENNEDY","LOTES",2014,9270,0.42730709
8,"KENNEDY","OFICINAS",2014,1354,0.06241357
8,"KENNEDY","OTROS",2014,3440,0.15856919
8,"KENNEDY","UNIVERSIDADES Y COLEGIOS",2014,419,0.01931410
8,"KENNEDY","BODEGAS",2015,2353,0.10843818
8,"KENNEDY","CLINICAS, HOSPITALES, CENTROS MEDICOS",2015,35,0.00161298
8,"KENNEDY","COMERCIO",2015,4615,0.21268261
8,"KENNEDY","HOTELES",2015,7,0.00032260
8,"KENNEDY","INDUSTRIA",2015,244,0.01124476
8,"KENNEDY","LOTES",2015,9148,0.42158625
8,"KENNEDY","OFICINAS",2015,1382,0.06368957
8,"KENNEDY","OTROS",2015,3493,0.16097516
8,"KENNEDY","UNIVERSIDADES Y COLEGIOS",2015,422,0.01944790
8,"KENNEDY","BODEGAS",2016,2362,0.10173142
8,"KENNEDY","CLINICAS, HOSPITALES, CENTROS MEDICOS",2016,35,0.00150745
8,"KENNEDY","COMERCIO",2016,4607,0.19842364
8,"KENNEDY","HOTELES",2016,8,0.00034456
8,"KENNEDY","INDUSTRIA",2016,241,0.01037988
8,"KENNEDY","LOTES",2016,10710,0.46128004
8,"KENNEDY","OFICINAS",2016,1382,0.05952278
8,"KENNEDY","OTROS",2016,3453,0.14872082
8,"KENNEDY","UNIVERSIDADES Y COLEGIOS",2016,420,0.01808941
8,"KENNEDY","BODEGAS",2017,2381,0.10085137
8,"KENNEDY","CLINICAS, HOSPITALES, CENTROS MEDICOS",2017,38,0.00160956
8,"KENNEDY","COMERCIO",2017,4629,0.19606930
8,"KENNEDY","HOTELES",2017,8,0.00033885
8,"KENNEDY","INDUSTRIA",2017,238,0.01008090
8,"KENNEDY","LOTES",2017,11009,0.46630522
8,"KENNEDY","OFICINAS",2017,1395,0.05908764
8,"KENNEDY","OTROS",2017,3490,0.14782498
8,"KENNEDY","UNIVERSIDADES Y COLEGIOS",2017,421,0.01783218
8,"KENNEDY","BODEGAS",2018,2387,0.10849507
8,"KENNEDY","CLINICAS, HOSPITALES, CENTROS MEDICOS",2018,39,0.00177265
8,"KENNEDY","COMERCIO",2018,4645,0.21112677
8,"KENNEDY","HOTELES",2018,8,0.00036362
8,"KENNEDY","INDUSTRIA",2018,239,0.01086314
8,"KENNEDY","LOTES",2018,9385,0.42657152
8,"KENNEDY","OFICINAS",2018,1393,0.06331530
8,"KENNEDY","OTROS",2018,3483,0.15831099
8,"KENNEDY","UNIVERSIDADES Y COLEGIOS",2018,422,0.01918095
9,"FONTIBÓN","BODEGAS",2010,2169,0.18571796
9,"FONTIBÓN","CLINICAS, HOSPITALES, CENTROS MEDICOS",2010,1,0.00008562
9,"FONTIBÓN","COMERCIO",2010,3502,0.29985444
9,"FONTIBÓN","HOTELES",2010,257,0.02200531
9,"FONTIBÓN","INDUSTRIA",2010,317,0.02714273
9,"FONTIBÓN","LOTES",2010,2596,0.22227930
9,"FONTIBÓN","OFICINAS",2010,1718,0.14710164
9,"FONTIBÓN","OTROS",2010,951,0.08142820
9,"FONTIBÓN","UNIVERSIDADES Y COLEGIOS",2010,168,0.01438479
9,"FONTIBÓN","BODEGAS",2011,2263,0.18521853
9,"FONTIBÓN","CLINICAS, HOSPITALES, CENTROS MEDICOS",2011,1,0.00008185
9,"FONTIBÓN","COMERCIO",2011,3615,0.29587494
9,"FONTIBÓN","HOTELES",2011,257,0.02103454
9,"FONTIBÓN","INDUSTRIA",2011,314,0.02569979
9,"FONTIBÓN","LOTES",2011,2565,0.20993616
9,"FONTIBÓN","OFICINAS",2011,2045,0.16737600
9,"FONTIBÓN","OTROS",2011,991,0.08110984
9,"FONTIBÓN","UNIVERSIDADES Y COLEGIOS",2011,167,0.01366836
9,"FONTIBÓN","BODEGAS",2012,2280,0.18384132
9,"FONTIBÓN","CLINICAS, HOSPITALES, CENTROS MEDICOS",2012,1,0.00008063
9,"FONTIBÓN","COMERCIO",2012,3646,0.29398484
9,"FONTIBÓN","HOTELES",2012,260,0.02096436
9,"FONTIBÓN","INDUSTRIA",2012,320,0.02580229
9,"FONTIBÓN","LOTES",2012,2586,0.20851476
9,"FONTIBÓN","OFICINAS",2012,2106,0.16981132
9,"FONTIBÓN","OTROS",2012,1039,0.08377681
9,"FONTIBÓN","UNIVERSIDADES Y COLEGIOS",2012,164,0.01322367
9,"FONTIBÓN","BODEGAS",2013,2333,0.18487994
9,"FONTIBÓN","CLINICAS, HOSPITALES, CENTROS MEDICOS",2013,1,0.00007925
9,"FONTIBÓN","COMERCIO",2013,3648,0.28908788
9,"FONTIBÓN","HOTELES",2013,259,0.02052461
9,"FONTIBÓN","INDUSTRIA",2013,327,0.02591331
9,"FONTIBÓN","LOTES",2013,2569,0.20358190
9,"FONTIBÓN","OFICINAS",2013,2258,0.17893652
9,"FONTIBÓN","OTROS",2013,1061,0.08407956
9,"FONTIBÓN","UNIVERSIDADES Y COLEGIOS",2013,163,0.01291703
9,"FONTIBÓN","BODEGAS",2014,2360,0.18301667
9,"FONTIBÓN","CLINICAS, HOSPITALES, CENTROS MEDICOS",2014,1,0.00007755
9,"FONTIBÓN","COMERCIO",2014,3672,0.28476154
9,"FONTIBÓN","HOTELES",2014,264,0.02047305
9,"FONTIBÓN","INDUSTRIA",2014,330,0.02559131
9,"FONTIBÓN","LOTES",2014,2756,0.21372625
9,"FONTIBÓN","OFICINAS",2014,2297,0.17813106
9,"FONTIBÓN","OTROS",2014,1054,0.08173711
9,"FONTIBÓN","UNIVERSIDADES Y COLEGIOS",2014,161,0.01248546
9,"FONTIBÓN","BODEGAS",2015,2371,0.18089570
9,"FONTIBÓN","CLINICAS, HOSPITALES, CENTROS MEDICOS",2015,1,0.00007630
9,"FONTIBÓN","COMERCIO",2015,3670,0.28000305
9,"FONTIBÓN","HOTELES",2015,267,0.02037079
9,"FONTIBÓN","INDUSTRIA",2015,326,0.02487221
9,"FONTIBÓN","LOTES",2015,2880,0.21972992
9,"FONTIBÓN","OFICINAS",2015,2328,0.17761501
9,"FONTIBÓN","OTROS",2015,1102,0.08407721
9,"FONTIBÓN","UNIVERSIDADES Y COLEGIOS",2015,162,0.01235981
9,"FONTIBÓN","BODEGAS",2016,2385,0.17849124
9,"FONTIBÓN","CLINICAS, HOSPITALES, CENTROS MEDICOS",2016,1,0.00007484
9,"FONTIBÓN","COMERCIO",2016,3732,0.27929951
9,"FONTIBÓN","HOTELES",2016,270,0.02020656
9,"FONTIBÓN","INDUSTRIA",2016,330,0.02469690
9,"FONTIBÓN","LOTES",2016,2894,0.21658434
9,"FONTIBÓN","OFICINAS",2016,2463,0.18432869
9,"FONTIBÓN","OTROS",2016,1129,0.08449334
9,"FONTIBÓN","UNIVERSIDADES Y COLEGIOS",2016,158,0.01182458
9,"FONTIBÓN","BODEGAS",2017,2395,0.18352490
9,"FONTIBÓN","CLINICAS, HOSPITALES, CENTROS MEDICOS",2017,1,0.00007663
9,"FONTIBÓN","COMERCIO",2017,3724,0.28536398
9,"FONTIBÓN","HOTELES",2017,271,0.02076628
9,"FONTIBÓN","INDUSTRIA",2017,329,0.02521073
9,"FONTIBÓN","LOTES",2017,2568,0.19678161
9,"FONTIBÓN","OFICINAS",2017,2471,0.18934866
9,"FONTIBÓN","OTROS",2017,1134,0.08689655
9,"FONTIBÓN","UNIVERSIDADES Y COLEGIOS",2017,157,0.01203065
9,"FONTIBÓN","BODEGAS",2018,2419,0.18339651
9,"FONTIBÓN","CLINICAS, HOSPITALES, CENTROS MEDICOS",2018,1,0.00007582
9,"FONTIBÓN","COMERCIO",2018,3749,0.28423048
9,"FONTIBÓN","HOTELES",2018,272,0.02062168
9,"FONTIBÓN","INDUSTRIA",2018,329,0.02494314
9,"FONTIBÓN","LOTES",2018,2578,0.19545110
9,"FONTIBÓN","OFICINAS",2018,2552,0.19347991
9,"FONTIBÓN","OTROS",2018,1135,0.08605004
9,"FONTIBÓN","UNIVERSIDADES Y COLEGIOS",2018,155,0.01175133
10,"ENGATIVA","BODEGAS",2010,2407,0.14747871
10,"ENGATIVA","CLINICAS, HOSPITALES, CENTROS MEDICOS",2010,21,0.00128669
10,"ENGATIVA","COMERCIO",2010,4562,0.27951719
10,"ENGATIVA","HOTELES",2010,7,0.00042890
10,"ENGATIVA","INDUSTRIA",2010,156,0.00955824
10,"ENGATIVA","LOTES",2010,5645,0.34587341
10,"ENGATIVA","OFICINAS",2010,1362,0.08345077
10,"ENGATIVA","OTROS",2010,1800,0.11028736
10,"ENGATIVA","UNIVERSIDADES Y COLEGIOS",2010,361,0.02211874
10,"ENGATIVA","BODEGAS",2011,2486,0.14856870
10,"ENGATIVA","CLINICAS, HOSPITALES, CENTROS MEDICOS",2011,21,0.00125501
10,"ENGATIVA","COMERCIO",2011,4699,0.28082233
10,"ENGATIVA","HOTELES",2011,11,0.00065738
10,"ENGATIVA","INDUSTRIA",2011,159,0.00950218
10,"ENGATIVA","LOTES",2011,5496,0.32845276
10,"ENGATIVA","OFICINAS",2011,1490,0.08904560
10,"ENGATIVA","OTROS",2011,1993,0.11910596
10,"ENGATIVA","UNIVERSIDADES Y COLEGIOS",2011,378,0.02259009
10,"ENGATIVA","BODEGAS",2012,2497,0.14663222
10,"ENGATIVA","CLINICAS, HOSPITALES, CENTROS MEDICOS",2012,20,0.00117447
10,"ENGATIVA","COMERCIO",2012,4656,0.27341594
10,"ENGATIVA","HOTELES",2012,14,0.00082213
10,"ENGATIVA","INDUSTRIA",2012,152,0.00892595
10,"ENGATIVA","LOTES",2012,5679,0.33348993
10,"ENGATIVA","OFICINAS",2012,1611,0.09460332
10,"ENGATIVA","OTROS",2012,2025,0.11891479
10,"ENGATIVA","UNIVERSIDADES Y COLEGIOS",2012,375,0.02202126
10,"ENGATIVA","BODEGAS",2013,2467,0.13392324
10,"ENGATIVA","CLINICAS, HOSPITALES, CENTROS MEDICOS",2013,19,0.00103143
10,"ENGATIVA","COMERCIO",2013,4675,0.25378644
10,"ENGATIVA","HOTELES",2013,15,0.00081429
10,"ENGATIVA","INDUSTRIA",2013,159,0.00863145
10,"ENGATIVA","LOTES",2013,6936,0.37652679
10,"ENGATIVA","OFICINAS",2013,1685,0.09147169
10,"ENGATIVA","OTROS",2013,2074,0.11258889
10,"ENGATIVA","UNIVERSIDADES Y COLEGIOS",2013,391,0.02122577
10,"ENGATIVA","BODEGAS",2014,2443,0.13384835
10,"ENGATIVA","CLINICAS, HOSPITALES, CENTROS MEDICOS",2014,19,0.00104098
10,"ENGATIVA","COMERCIO",2014,4690,0.25695814
10,"ENGATIVA","HOTELES",2014,19,0.00104098
10,"ENGATIVA","INDUSTRIA",2014,166,0.00909489
10,"ENGATIVA","LOTES",2014,6562,0.35952224
10,"ENGATIVA","OFICINAS",2014,1762,0.09653737
10,"ENGATIVA","OTROS",2014,2194,0.12020600
10,"ENGATIVA","UNIVERSIDADES Y COLEGIOS",2014,397,0.02175104
10,"ENGATIVA","BODEGAS",2015,2469,0.13604805
10,"ENGATIVA","CLINICAS, HOSPITALES, CENTROS MEDICOS",2015,20,0.00110205
10,"ENGATIVA","COMERCIO",2015,4663,0.25694291
10,"ENGATIVA","HOTELES",2015,19,0.00104695
10,"ENGATIVA","INDUSTRIA",2015,162,0.00892660
10,"ENGATIVA","LOTES",2015,6383,0.35171920
10,"ENGATIVA","OFICINAS",2015,1786,0.09841305
10,"ENGATIVA","OTROS",2015,2245,0.12370509
10,"ENGATIVA","UNIVERSIDADES Y COLEGIOS",2015,401,0.02209610
10,"ENGATIVA","BODEGAS",2016,2475,0.14031408
10,"ENGATIVA","CLINICAS, HOSPITALES, CENTROS MEDICOS",2016,20,0.00113385
10,"ENGATIVA","COMERCIO",2016,4698,0.26634163
10,"ENGATIVA","HOTELES",2016,20,0.00113385
10,"ENGATIVA","INDUSTRIA",2016,160,0.00907081
10,"ENGATIVA","LOTES",2016,5859,0.33216169
10,"ENGATIVA","OFICINAS",2016,1782,0.10102614
10,"ENGATIVA","OTROS",2016,2231,0.12648109
10,"ENGATIVA","UNIVERSIDADES Y COLEGIOS",2016,394,0.02233687
10,"ENGATIVA","BODEGAS",2017,2499,0.13893367
10,"ENGATIVA","CLINICAS, HOSPITALES, CENTROS MEDICOS",2017,21,0.00116751
10,"ENGATIVA","COMERCIO",2017,4753,0.26424640
10,"ENGATIVA","HOTELES",2017,21,0.00116751
10,"ENGATIVA","INDUSTRIA",2017,158,0.00878412
10,"ENGATIVA","LOTES",2017,5986,0.33279591
10,"ENGATIVA","OFICINAS",2017,1967,0.10935676
10,"ENGATIVA","OTROS",2017,2194,0.12197698
10,"ENGATIVA","UNIVERSIDADES Y COLEGIOS",2017,388,0.02157113
10,"ENGATIVA","BODEGAS",2018,2478,0.13685315
10,"ENGATIVA","CLINICAS, HOSPITALES, CENTROS MEDICOS",2018,21,0.00115977
10,"ENGATIVA","COMERCIO",2018,4777,0.26382062
10,"ENGATIVA","HOTELES",2018,22,0.00121500
10,"ENGATIVA","INDUSTRIA",2018,156,0.00861545
10,"ENGATIVA","LOTES",2018,5950,0.32860220
10,"ENGATIVA","OFICINAS",2018,2159,0.11923565
10,"ENGATIVA","OTROS",2018,2163,0.11945656
10,"ENGATIVA","UNIVERSIDADES Y COLEGIOS",2018,381,0.02104159
11,"SUBA","BODEGAS",2010,1606,0.05000934
11,"SUBA","CLINICAS, HOSPITALES, CENTROS MEDICOS",2010,21,0.00065392
11,"SUBA","COMERCIO",2010,8839,0.27523821
11,"SUBA","HOTELES",2010,2,0.00006228
11,"SUBA","INDUSTRIA",2010,55,0.00171265
11,"SUBA","LOTES",2010,16197,0.50435947
11,"SUBA","OFICINAS",2010,2602,0.08102385
11,"SUBA","OTROS",2010,2162,0.06732266
11,"SUBA","UNIVERSIDADES Y COLEGIOS",2010,630,0.01961761
11,"SUBA","BODEGAS",2011,1610,0.05100263
11,"SUBA","CLINICAS, HOSPITALES, CENTROS MEDICOS",2011,21,0.00066525
11,"SUBA","COMERCIO",2011,8980,0.28447429
11,"SUBA","HOTELES",2011,3,0.00009504
11,"SUBA","INDUSTRIA",2011,53,0.00167897
11,"SUBA","LOTES",2011,14848,0.47036462
11,"SUBA","OFICINAS",2011,3123,0.09893243
11,"SUBA","OTROS",2011,2282,0.07229068
11,"SUBA","UNIVERSIDADES Y COLEGIOS",2011,647,0.02049609
11,"SUBA","BODEGAS",2012,1609,0.05134342
11,"SUBA","CLINICAS, HOSPITALES, CENTROS MEDICOS",2012,21,0.00067011
11,"SUBA","COMERCIO",2012,9033,0.28824430
11,"SUBA","HOTELES",2012,3,0.00009573
11,"SUBA","INDUSTRIA",2012,48,0.00153169
11,"SUBA","LOTES",2012,14192,0.45286872
11,"SUBA","OFICINAS",2012,3479,0.11101538
11,"SUBA","OTROS",2012,2295,0.07323377
11,"SUBA","UNIVERSIDADES Y COLEGIOS",2012,658,0.02099687
11,"SUBA","BODEGAS",2013,1598,0.05060165
11,"SUBA","CLINICAS, HOSPITALES, CENTROS MEDICOS",2013,21,0.00066498
11,"SUBA","COMERCIO",2013,9369,0.29667511
11,"SUBA","HOTELES",2013,3,0.00009500
11,"SUBA","INDUSTRIA",2013,46,0.00145662
11,"SUBA","LOTES",2013,13927,0.44100697
11,"SUBA","OFICINAS",2013,3582,0.11342622
11,"SUBA","OTROS",2013,2373,0.07514250
11,"SUBA","UNIVERSIDADES Y COLEGIOS",2013,661,0.02093097
11,"SUBA","BODEGAS",2014,1578,0.04880463
11,"SUBA","CLINICAS, HOSPITALES, CENTROS MEDICOS",2014,21,0.00064949
11,"SUBA","COMERCIO",2014,9531,0.29477623
11,"SUBA","HOTELES",2014,3,0.00009278
11,"SUBA","INDUSTRIA",2014,45,0.00139177
11,"SUBA","LOTES",2014,14207,0.43939628
11,"SUBA","OFICINAS",2014,3860,0.11938267
11,"SUBA","OTROS",2014,2432,0.07521727
11,"SUBA","UNIVERSIDADES Y COLEGIOS",2014,656,0.02028887
11,"SUBA","BODEGAS",2015,1662,0.05313809
11,"SUBA","CLINICAS, HOSPITALES, CENTROS MEDICOS",2015,20,0.00063945
11,"SUBA","COMERCIO",2015,9525,0.30453688
11,"SUBA","HOTELES",2015,3,0.00009592
11,"SUBA","INDUSTRIA",2015,36,0.00115101
11,"SUBA","LOTES",2015,12915,0.41292323
11,"SUBA","OFICINAS",2015,3933,0.12574735
11,"SUBA","OTROS",2015,2545,0.08136970
11,"SUBA","UNIVERSIDADES Y COLEGIOS",2015,638,0.02039838
11,"SUBA","BODEGAS",2016,1660,0.05354493
11,"SUBA","CLINICAS, HOSPITALES, CENTROS MEDICOS",2016,20,0.00064512
11,"SUBA","COMERCIO",2016,9685,0.31239920
11,"SUBA","HOTELES",2016,3,0.00009677
11,"SUBA","INDUSTRIA",2016,36,0.00116122
11,"SUBA","LOTES",2016,12351,0.39839365
11,"SUBA","OFICINAS",2016,4053,0.13073350
11,"SUBA","OTROS",2016,2544,0.08205922
11,"SUBA","UNIVERSIDADES Y COLEGIOS",2016,650,0.02096639
11,"SUBA","BODEGAS",2017,1723,0.05544115
11,"SUBA","CLINICAS, HOSPITALES, CENTROS MEDICOS",2017,20,0.00064354
11,"SUBA","COMERCIO",2017,9679,0.31144218
11,"SUBA","HOTELES",2017,3,0.00009653
11,"SUBA","INDUSTRIA",2017,36,0.00115838
11,"SUBA","LOTES",2017,12487,0.40179548
11,"SUBA","OFICINAS",2017,4169,0.13414634
11,"SUBA","OTROS",2017,2319,0.07461870
11,"SUBA","UNIVERSIDADES Y COLEGIOS",2017,642,0.02065770
11,"SUBA","BODEGAS",2018,1842,0.05873537
11,"SUBA","CLINICAS, HOSPITALES, CENTROS MEDICOS",2018,20,0.00063773
11,"SUBA","COMERCIO",2018,9265,0.29543063
11,"SUBA","HOTELES",2018,3,0.00009566
11,"SUBA","INDUSTRIA",2018,35,0.00111604
11,"SUBA","LOTES",2018,12495,0.39842480
11,"SUBA","OFICINAS",2018,4399,0.14026976
11,"SUBA","OTROS",2018,2664,0.08494627
11,"SUBA","UNIVERSIDADES Y COLEGIOS",2018,638,0.02034374
12,"BARRIOS UNIDOS","BODEGAS",2010,2165,0.18100493
12,"BARRIOS UNIDOS","CLINICAS, HOSPITALES, CENTROS MEDICOS",2010,15,0.00125408
12,"BARRIOS UNIDOS","COMERCIO",2010,3206,0.26803779
12,"BARRIOS UNIDOS","HOTELES",2010,15,0.00125408
12,"BARRIOS UNIDOS","INDUSTRIA",2010,81,0.00677201
12,"BARRIOS UNIDOS","LOTES",2010,2134,0.17841318
12,"BARRIOS UNIDOS","OFICINAS",2010,2561,0.21411253
12,"BARRIOS UNIDOS","OTROS",2010,1637,0.13686147
12,"BARRIOS UNIDOS","UNIVERSIDADES Y COLEGIOS",2010,147,0.01228994
12,"BARRIOS UNIDOS","BODEGAS",2011,2196,0.17755498
12,"BARRIOS UNIDOS","CLINICAS, HOSPITALES, CENTROS MEDICOS",2011,17,0.00137451
12,"BARRIOS UNIDOS","COMERCIO",2011,3257,0.26334088
12,"BARRIOS UNIDOS","HOTELES",2011,16,0.00129366
12,"BARRIOS UNIDOS","INDUSTRIA",2011,85,0.00687257
12,"BARRIOS UNIDOS","LOTES",2011,2122,0.17157180
12,"BARRIOS UNIDOS","OFICINAS",2011,2755,0.22275226
12,"BARRIOS UNIDOS","OTROS",2011,1770,0.14311125
12,"BARRIOS UNIDOS","UNIVERSIDADES Y COLEGIOS",2011,150,0.01212807
12,"BARRIOS UNIDOS","BODEGAS",2012,2184,0.17348479
12,"BARRIOS UNIDOS","CLINICAS, HOSPITALES, CENTROS MEDICOS",2012,14,0.00111208
12,"BARRIOS UNIDOS","COMERCIO",2012,3360,0.26689967
12,"BARRIOS UNIDOS","HOTELES",2012,16,0.00127095
12,"BARRIOS UNIDOS","INDUSTRIA",2012,84,0.00667249
12,"BARRIOS UNIDOS","LOTES",2012,2131,0.16927476
12,"BARRIOS UNIDOS","OFICINAS",2012,2841,0.22567321
12,"BARRIOS UNIDOS","OTROS",2012,1810,0.14377631
12,"BARRIOS UNIDOS","UNIVERSIDADES Y COLEGIOS",2012,149,0.01183573
12,"BARRIOS UNIDOS","BODEGAS",2013,2225,0.17170860
12,"BARRIOS UNIDOS","CLINICAS, HOSPITALES, CENTROS MEDICOS",2013,15,0.00115759
12,"BARRIOS UNIDOS","COMERCIO",2013,3417,0.26369810
12,"BARRIOS UNIDOS","HOTELES",2013,20,0.00154345
12,"BARRIOS UNIDOS","INDUSTRIA",2013,84,0.00648248
12,"BARRIOS UNIDOS","LOTES",2013,2159,0.16661522
12,"BARRIOS UNIDOS","OFICINAS",2013,2965,0.22881618
12,"BARRIOS UNIDOS","OTROS",2013,1920,0.14817101
12,"BARRIOS UNIDOS","UNIVERSIDADES Y COLEGIOS",2013,153,0.01180738
12,"BARRIOS UNIDOS","BODEGAS",2014,2203,0.16830927
12,"BARRIOS UNIDOS","CLINICAS, HOSPITALES, CENTROS MEDICOS",2014,15,0.00114600
12,"BARRIOS UNIDOS","COMERCIO",2014,3361,0.25678050
12,"BARRIOS UNIDOS","HOTELES",2014,23,0.00175720
12,"BARRIOS UNIDOS","INDUSTRIA",2014,75,0.00573000
12,"BARRIOS UNIDOS","LOTES",2014,2154,0.16456567
12,"BARRIOS UNIDOS","OFICINAS",2014,3029,0.23141569
12,"BARRIOS UNIDOS","OTROS",2014,2079,0.15883566
12,"BARRIOS UNIDOS","UNIVERSIDADES Y COLEGIOS",2014,150,0.01146000
12,"BARRIOS UNIDOS","BODEGAS",2015,2235,0.16814625
12,"BARRIOS UNIDOS","CLINICAS, HOSPITALES, CENTROS MEDICOS",2015,15,0.00112850
12,"BARRIOS UNIDOS","COMERCIO",2015,3333,0.25075233
12,"BARRIOS UNIDOS","HOTELES",2015,23,0.00173036
12,"BARRIOS UNIDOS","INDUSTRIA",2015,74,0.00556726
12,"BARRIOS UNIDOS","LOTES",2015,2174,0.16355703
12,"BARRIOS UNIDOS","OFICINAS",2015,3150,0.23698465
12,"BARRIOS UNIDOS","OTROS",2015,2129,0.16017153
12,"BARRIOS UNIDOS","UNIVERSIDADES Y COLEGIOS",2015,159,0.01196208
12,"BARRIOS UNIDOS","BODEGAS",2016,2235,0.16769208
12,"BARRIOS UNIDOS","CLINICAS, HOSPITALES, CENTROS MEDICOS",2016,15,0.00112545
12,"BARRIOS UNIDOS","COMERCIO",2016,3337,0.25037515
12,"BARRIOS UNIDOS","HOTELES",2016,23,0.00172569
12,"BARRIOS UNIDOS","INDUSTRIA",2016,74,0.00555222
12,"BARRIOS UNIDOS","LOTES",2016,2180,0.16356543
12,"BARRIOS UNIDOS","OFICINAS",2016,3178,0.23844538
12,"BARRIOS UNIDOS","OTROS",2016,2127,0.15958884
12,"BARRIOS UNIDOS","UNIVERSIDADES Y COLEGIOS",2016,159,0.01192977
12,"BARRIOS UNIDOS","BODEGAS",2017,2275,0.16940949
12,"BARRIOS UNIDOS","CLINICAS, HOSPITALES, CENTROS MEDICOS",2017,15,0.00111699
12,"BARRIOS UNIDOS","COMERCIO",2017,3300,0.24573684
12,"BARRIOS UNIDOS","HOTELES",2017,23,0.00171271
12,"BARRIOS UNIDOS","INDUSTRIA",2017,73,0.00543600
12,"BARRIOS UNIDOS","LOTES",2017,2187,0.16285650
12,"BARRIOS UNIDOS","OFICINAS",2017,3292,0.24514111
12,"BARRIOS UNIDOS","OTROS",2017,2105,0.15675032
12,"BARRIOS UNIDOS","UNIVERSIDADES Y COLEGIOS",2017,159,0.01184005
12,"BARRIOS UNIDOS","BODEGAS",2018,2272,0.16840857
12,"BARRIOS UNIDOS","CLINICAS, HOSPITALES, CENTROS MEDICOS",2018,15,0.00111185
12,"BARRIOS UNIDOS","COMERCIO",2018,3321,0.24616411
12,"BARRIOS UNIDOS","HOTELES",2018,26,0.00192721
12,"BARRIOS UNIDOS","INDUSTRIA",2018,72,0.00533689
12,"BARRIOS UNIDOS","LOTES",2018,2192,0.16247869
12,"BARRIOS UNIDOS","OFICINAS",2018,3329,0.24675710
12,"BARRIOS UNIDOS","OTROS",2018,2105,0.15602995
12,"BARRIOS UNIDOS","UNIVERSIDADES Y COLEGIOS",2018,159,0.01178563
13,"TEUSAQUILLO","BODEGAS",2010,275,0.03138553
13,"TEUSAQUILLO","CLINICAS, HOSPITALES, CENTROS MEDICOS",2010,25,0.00285323
13,"TEUSAQUILLO","COMERCIO",2010,3235,0.36920794
13,"TEUSAQUILLO","HOTELES",2010,60,0.00684775
13,"TEUSAQUILLO","INDUSTRIA",2010,11,0.00125542
13,"TEUSAQUILLO","LOTES",2010,839,0.09575439
13,"TEUSAQUILLO","OFICINAS",2010,3657,0.41737046
13,"TEUSAQUILLO","OTROS",2010,454,0.05181465
13,"TEUSAQUILLO","UNIVERSIDADES Y COLEGIOS",2010,206,0.02351061
13,"TEUSAQUILLO","BODEGAS",2011,277,0.02944303
13,"TEUSAQUILLO","CLINICAS, HOSPITALES, CENTROS MEDICOS",2011,25,0.00265731
13,"TEUSAQUILLO","COMERCIO",2011,3343,0.35533588
13,"TEUSAQUILLO","HOTELES",2011,91,0.00967262
13,"TEUSAQUILLO","INDUSTRIA",2011,7,0.00074405
13,"TEUSAQUILLO","LOTES",2011,1068,0.11352041
13,"TEUSAQUILLO","OFICINAS",2011,3913,0.41592262
13,"TEUSAQUILLO","OTROS",2011,480,0.05102041
13,"TEUSAQUILLO","UNIVERSIDADES Y COLEGIOS",2011,204,0.02168367
13,"TEUSAQUILLO","BODEGAS",2012,278,0.02702965
13,"TEUSAQUILLO","CLINICAS, HOSPITALES, CENTROS MEDICOS",2012,26,0.00252795
13,"TEUSAQUILLO","COMERCIO",2012,3545,0.34467671
13,"TEUSAQUILLO","HOTELES",2012,632,0.06144871
13,"TEUSAQUILLO","INDUSTRIA",2012,5,0.00048614
13,"TEUSAQUILLO","LOTES",2012,1068,0.10384054
13,"TEUSAQUILLO","OFICINAS",2012,4056,0.39436072
13,"TEUSAQUILLO","OTROS",2012,472,0.04589208
13,"TEUSAQUILLO","UNIVERSIDADES Y COLEGIOS",2012,203,0.01973748
13,"TEUSAQUILLO","BODEGAS",2013,271,0.02582182
13,"TEUSAQUILLO","CLINICAS, HOSPITALES, CENTROS MEDICOS",2013,25,0.00238209
13,"TEUSAQUILLO","COMERCIO",2013,3571,0.34025727
13,"TEUSAQUILLO","HOTELES",2013,652,0.06212482
13,"TEUSAQUILLO","INDUSTRIA",2013,4,0.00038113
13,"TEUSAQUILLO","LOTES",2013,1106,0.10538352
13,"TEUSAQUILLO","OFICINAS",2013,4181,0.39838018
13,"TEUSAQUILLO","OTROS",2013,480,0.04573606
13,"TEUSAQUILLO","UNIVERSIDADES Y COLEGIOS",2013,205,0.01953311
13,"TEUSAQUILLO","BODEGAS",2014,266,0.02538895
13,"TEUSAQUILLO","CLINICAS, HOSPITALES, CENTROS MEDICOS",2014,23,0.00219528
13,"TEUSAQUILLO","COMERCIO",2014,3571,0.34084184
13,"TEUSAQUILLO","HOTELES",2014,776,0.07406700
13,"TEUSAQUILLO","INDUSTRIA",2014,4,0.00038179
13,"TEUSAQUILLO","LOTES",2014,879,0.08389806
13,"TEUSAQUILLO","OFICINAS",2014,4229,0.40364608
13,"TEUSAQUILLO","OTROS",2014,509,0.04858261
13,"TEUSAQUILLO","UNIVERSIDADES Y COLEGIOS",2014,220,0.02099838
13,"TEUSAQUILLO","BODEGAS",2015,266,0.02521805
13,"TEUSAQUILLO","CLINICAS, HOSPITALES, CENTROS MEDICOS",2015,23,0.00218051
13,"TEUSAQUILLO","COMERCIO",2015,3569,0.33835798
13,"TEUSAQUILLO","HOTELES",2015,793,0.07518013
13,"TEUSAQUILLO","INDUSTRIA",2015,4,0.00037922
13,"TEUSAQUILLO","LOTES",2015,874,0.08285931
13,"TEUSAQUILLO","OFICINAS",2015,4273,0.40510049
13,"TEUSAQUILLO","OTROS",2015,526,0.04986727
13,"TEUSAQUILLO","UNIVERSIDADES Y COLEGIOS",2015,220,0.02085703
13,"TEUSAQUILLO","BODEGAS",2016,267,0.02530566
13,"TEUSAQUILLO","CLINICAS, HOSPITALES, CENTROS MEDICOS",2016,25,0.00236944
13,"TEUSAQUILLO","COMERCIO",2016,3568,0.33816700
13,"TEUSAQUILLO","HOTELES",2016,790,0.07487442
13,"TEUSAQUILLO","INDUSTRIA",2016,4,0.00037911
13,"TEUSAQUILLO","LOTES",2016,893,0.08463653
13,"TEUSAQUILLO","OFICINAS",2016,4252,0.40299498
13,"TEUSAQUILLO","OTROS",2016,542,0.05136954
13,"TEUSAQUILLO","UNIVERSIDADES Y COLEGIOS",2016,210,0.01990333
13,"TEUSAQUILLO","BODEGAS",2017,270,0.02555850
13,"TEUSAQUILLO","CLINICAS, HOSPITALES, CENTROS MEDICOS",2017,25,0.00236653
13,"TEUSAQUILLO","COMERCIO",2017,3568,0.33775085
13,"TEUSAQUILLO","HOTELES",2017,793,0.07506626
13,"TEUSAQUILLO","INDUSTRIA",2017,4,0.00037864
13,"TEUSAQUILLO","LOTES",2017,945,0.08945475
13,"TEUSAQUILLO","OFICINAS",2017,4228,0.40022719
13,"TEUSAQUILLO","OTROS",2017,522,0.04941310
13,"TEUSAQUILLO","UNIVERSIDADES Y COLEGIOS",2017,209,0.01978417
13,"TEUSAQUILLO","BODEGAS",2018,269,0.02531050
13,"TEUSAQUILLO","CLINICAS, HOSPITALES, CENTROS MEDICOS",2018,24,0.00225819
13,"TEUSAQUILLO","COMERCIO",2018,3624,0.34098607
13,"TEUSAQUILLO","HOTELES",2018,811,0.07630787
13,"TEUSAQUILLO","INDUSTRIA",2018,4,0.00037636
13,"TEUSAQUILLO","LOTES",2018,963,0.09060971
13,"TEUSAQUILLO","OFICINAS",2018,4205,0.39565299
13,"TEUSAQUILLO","OTROS",2018,520,0.04892736
13,"TEUSAQUILLO","UNIVERSIDADES Y COLEGIOS",2018,208,0.01957094
14,"LOS MÁRTIRES","BODEGAS",2010,2062,0.14141691
14,"LOS MÁRTIRES","CLINICAS, HOSPITALES, CENTROS MEDICOS",2010,14,0.00096015
14,"LOS MÁRTIRES","COMERCIO",2010,7896,0.54152664
14,"LOS MÁRTIRES","HOTELES",2010,3,0.00020575
14,"LOS MÁRTIRES","INDUSTRIA",2010,53,0.00363487
14,"LOS MÁRTIRES","LOTES",2010,532,0.03648584
14,"LOS MÁRTIRES","OFICINAS",2010,2026,0.13894795
14,"LOS MÁRTIRES","OTROS",2010,1949,0.13366710
14,"LOS MÁRTIRES","UNIVERSIDADES Y COLEGIOS",2010,46,0.00315479
14,"LOS MÁRTIRES","BODEGAS",2011,2109,0.13918036
14,"LOS MÁRTIRES","CLINICAS, HOSPITALES, CENTROS MEDICOS",2011,14,0.00092391
14,"LOS MÁRTIRES","COMERCIO",2011,8155,0.53817726
14,"LOS MÁRTIRES","HOTELES",2011,3,0.00019798
14,"LOS MÁRTIRES","INDUSTRIA",2011,60,0.00395961
14,"LOS MÁRTIRES","LOTES",2011,531,0.03504257
14,"LOS MÁRTIRES","OFICINAS",2011,2057,0.13574870
14,"LOS MÁRTIRES","OTROS",2011,2174,0.14346994
14,"LOS MÁRTIRES","UNIVERSIDADES Y COLEGIOS",2011,50,0.00329968
14,"LOS MÁRTIRES","BODEGAS",2012,2068,0.12768585
14,"LOS MÁRTIRES","CLINICAS, HOSPITALES, CENTROS MEDICOS",2012,15,0.00092615
14,"LOS MÁRTIRES","COMERCIO",2012,9062,0.55952087
14,"LOS MÁRTIRES","HOTELES",2012,4,0.00024697
14,"LOS MÁRTIRES","INDUSTRIA",2012,73,0.00450729
14,"LOS MÁRTIRES","LOTES",2012,598,0.03692270
14,"LOS MÁRTIRES","OFICINAS",2012,2086,0.12879723
14,"LOS MÁRTIRES","OTROS",2012,2235,0.13799704
14,"LOS MÁRTIRES","UNIVERSIDADES Y COLEGIOS",2012,55,0.00339590
14,"LOS MÁRTIRES","BODEGAS",2013,2068,0.12677783
14,"LOS MÁRTIRES","CLINICAS, HOSPITALES, CENTROS MEDICOS",2013,14,0.00085826
14,"LOS MÁRTIRES","COMERCIO",2013,9040,0.55419323
14,"LOS MÁRTIRES","HOTELES",2013,5,0.00030652
14,"LOS MÁRTIRES","INDUSTRIA",2013,69,0.00423001
14,"LOS MÁRTIRES","LOTES",2013,639,0.03917361
14,"LOS MÁRTIRES","OFICINAS",2013,2127,0.13039480
14,"LOS MÁRTIRES","OTROS",2013,2297,0.14081658
14,"LOS MÁRTIRES","UNIVERSIDADES Y COLEGIOS",2013,53,0.00324914
14,"LOS MÁRTIRES","BODEGAS",2014,2074,0.12609436
14,"LOS MÁRTIRES","CLINICAS, HOSPITALES, CENTROS MEDICOS",2014,14,0.00085117
14,"LOS MÁRTIRES","COMERCIO",2014,9122,0.55459630
14,"LOS MÁRTIRES","HOTELES",2014,5,0.00030399
14,"LOS MÁRTIRES","INDUSTRIA",2014,67,0.00407344
14,"LOS MÁRTIRES","LOTES",2014,670,0.04073444
14,"LOS MÁRTIRES","OFICINAS",2014,2145,0.13041099
14,"LOS MÁRTIRES","OTROS",2014,2299,0.13977383
14,"LOS MÁRTIRES","UNIVERSIDADES Y COLEGIOS",2014,52,0.00316148
14,"LOS MÁRTIRES","BODEGAS",2015,2075,0.12522631
14,"LOS MÁRTIRES","CLINICAS, HOSPITALES, CENTROS MEDICOS",2015,13,0.00078455
14,"LOS MÁRTIRES","COMERCIO",2015,9187,0.55443573
14,"LOS MÁRTIRES","HOTELES",2015,5,0.00030175
14,"LOS MÁRTIRES","INDUSTRIA",2015,66,0.00398310
14,"LOS MÁRTIRES","LOTES",2015,666,0.04019312
14,"LOS MÁRTIRES","OFICINAS",2015,2181,0.13162342
14,"LOS MÁRTIRES","OTROS",2015,2326,0.14037417
14,"LOS MÁRTIRES","UNIVERSIDADES Y COLEGIOS",2015,51,0.00307785
14,"LOS MÁRTIRES","BODEGAS",2016,2068,0.12446584
14,"LOS MÁRTIRES","CLINICAS, HOSPITALES, CENTROS MEDICOS",2016,13,0.00078243
14,"LOS MÁRTIRES","COMERCIO",2016,9191,0.55317484
14,"LOS MÁRTIRES","HOTELES",2016,5,0.00030093
14,"LOS MÁRTIRES","INDUSTRIA",2016,63,0.00379175
14,"LOS MÁRTIRES","LOTES",2016,688,0.04140837
14,"LOS MÁRTIRES","OFICINAS",2016,2185,0.13150767
14,"LOS MÁRTIRES","OTROS",2016,2351,0.14149865
14,"LOS MÁRTIRES","UNIVERSIDADES Y COLEGIOS",2016,51,0.00306952
14,"LOS MÁRTIRES","BODEGAS",2017,2082,0.12644237
14,"LOS MÁRTIRES","CLINICAS, HOSPITALES, CENTROS MEDICOS",2017,13,0.00078951
14,"LOS MÁRTIRES","COMERCIO",2017,9249,0.56170290
14,"LOS MÁRTIRES","HOTELES",2017,5,0.00030366
14,"LOS MÁRTIRES","INDUSTRIA",2017,62,0.00376533
14,"LOS MÁRTIRES","LOTES",2017,752,0.04566987
14,"LOS MÁRTIRES","OFICINAS",2017,2195,0.13330499
14,"LOS MÁRTIRES","OTROS",2017,2057,0.12492409
14,"LOS MÁRTIRES","UNIVERSIDADES Y COLEGIOS",2017,51,0.00309729
14,"LOS MÁRTIRES","BODEGAS",2018,2084,0.12460389
14,"LOS MÁRTIRES","CLINICAS, HOSPITALES, CENTROS MEDICOS",2018,13,0.00077728
14,"LOS MÁRTIRES","COMERCIO",2018,9455,0.56532138
14,"LOS MÁRTIRES","HOTELES",2018,5,0.00029895
14,"LOS MÁRTIRES","INDUSTRIA",2018,62,0.00370703
14,"LOS MÁRTIRES","LOTES",2018,761,0.04550075
14,"LOS MÁRTIRES","OFICINAS",2018,2240,0.13393124
14,"LOS MÁRTIRES","OTROS",2018,2055,0.12286996
14,"LOS MÁRTIRES","UNIVERSIDADES Y COLEGIOS",2018,50,0.00298954
15,"ANTONIO NARIÑO","BODEGAS",2010,553,0.14219594
15,"ANTONIO NARIÑO","CLINICAS, HOSPITALES, CENTROS MEDICOS",2010,15,0.00385703
15,"ANTONIO NARIÑO","COMERCIO",2010,1578,0.40575984
15,"ANTONIO NARIÑO","HOTELES",2010,0,0.00000000
15,"ANTONIO NARIÑO","INDUSTRIA",2010,58,0.01491386
15,"ANTONIO NARIÑO","LOTES",2010,512,0.13165338
15,"ANTONIO NARIÑO","OFICINAS",2010,374,0.09616868
15,"ANTONIO NARIÑO","OTROS",2010,719,0.18488043
15,"ANTONIO NARIÑO","UNIVERSIDADES Y COLEGIOS",2010,80,0.02057084
15,"ANTONIO NARIÑO","BODEGAS",2011,564,0.12530549
15,"ANTONIO NARIÑO","CLINICAS, HOSPITALES, CENTROS MEDICOS",2011,19,0.00422128
15,"ANTONIO NARIÑO","COMERCIO",2011,2025,0.44990002
15,"ANTONIO NARIÑO","HOTELES",2011,0,0.00000000
15,"ANTONIO NARIÑO","INDUSTRIA",2011,65,0.01444124
15,"ANTONIO NARIÑO","LOTES",2011,504,0.11197512
15,"ANTONIO NARIÑO","OFICINAS",2011,403,0.08953566
15,"ANTONIO NARIÑO","OTROS",2011,842,0.18706954
15,"ANTONIO NARIÑO","UNIVERSIDADES Y COLEGIOS",2011,79,0.01755166
15,"ANTONIO NARIÑO","BODEGAS",2012,577,0.12762663
15,"ANTONIO NARIÑO","CLINICAS, HOSPITALES, CENTROS MEDICOS",2012,15,0.00331785
15,"ANTONIO NARIÑO","COMERCIO",2012,2061,0.45587259
15,"ANTONIO NARIÑO","HOTELES",2012,0,0.00000000
15,"ANTONIO NARIÑO","INDUSTRIA",2012,69,0.01526211
15,"ANTONIO NARIÑO","LOTES",2012,504,0.11147976
15,"ANTONIO NARIÑO","OFICINAS",2012,377,0.08338863
15,"ANTONIO NARIÑO","OTROS",2012,839,0.18557841
15,"ANTONIO NARIÑO","UNIVERSIDADES Y COLEGIOS",2012,79,0.01747401
15,"ANTONIO NARIÑO","BODEGAS",2013,576,0.12639895
15,"ANTONIO NARIÑO","CLINICAS, HOSPITALES, CENTROS MEDICOS",2013,14,0.00307220
15,"ANTONIO NARIÑO","COMERCIO",2013,2072,0.45468510
15,"ANTONIO NARIÑO","HOTELES",2013,0,0.00000000
15,"ANTONIO NARIÑO","INDUSTRIA",2013,70,0.01536098
15,"ANTONIO NARIÑO","LOTES",2013,506,0.11103796
15,"ANTONIO NARIÑO","OFICINAS",2013,382,0.08382708
15,"ANTONIO NARIÑO","OTROS",2013,855,0.18762344
15,"ANTONIO NARIÑO","UNIVERSIDADES Y COLEGIOS",2013,82,0.01799429
15,"ANTONIO NARIÑO","BODEGAS",2014,579,0.12321771
15,"ANTONIO NARIÑO","CLINICAS, HOSPITALES, CENTROS MEDICOS",2014,15,0.00319217
15,"ANTONIO NARIÑO","COMERCIO",2014,2120,0.45115982
15,"ANTONIO NARIÑO","HOTELES",2014,0,0.00000000
15,"ANTONIO NARIÑO","INDUSTRIA",2014,64,0.01361992
15,"ANTONIO NARIÑO","LOTES",2014,494,0.10512875
15,"ANTONIO NARIÑO","OFICINAS",2014,413,0.08789104
15,"ANTONIO NARIÑO","OTROS",2014,934,0.19876569
15,"ANTONIO NARIÑO","UNIVERSIDADES Y COLEGIOS",2014,80,0.01702490
15,"ANTONIO NARIÑO","BODEGAS",2015,583,0.12240185
15,"ANTONIO NARIÑO","CLINICAS, HOSPITALES, CENTROS MEDICOS",2015,15,0.00314928
15,"ANTONIO NARIÑO","COMERCIO",2015,2127,0.44656729
15,"ANTONIO NARIÑO","HOTELES",2015,0,0.00000000
15,"ANTONIO NARIÑO","INDUSTRIA",2015,64,0.01343691
15,"ANTONIO NARIÑO","LOTES",2015,505,0.10602561
15,"ANTONIO NARIÑO","OFICINAS",2015,423,0.08880957
15,"ANTONIO NARIÑO","OTROS",2015,964,0.20239345
15,"ANTONIO NARIÑO","UNIVERSIDADES Y COLEGIOS",2015,82,0.01721604
15,"ANTONIO NARIÑO","BODEGAS",2016,584,0.12276645
15,"ANTONIO NARIÑO","CLINICAS, HOSPITALES, CENTROS MEDICOS",2016,15,0.00315325
15,"ANTONIO NARIÑO","COMERCIO",2016,2122,0.44607946
15,"ANTONIO NARIÑO","HOTELES",2016,0,0.00000000
15,"ANTONIO NARIÑO","INDUSTRIA",2016,64,0.01345386
15,"ANTONIO NARIÑO","LOTES",2016,507,0.10657978
15,"ANTONIO NARIÑO","OFICINAS",2016,425,0.08934202
15,"ANTONIO NARIÑO","OTROS",2016,957,0.20117721
15,"ANTONIO NARIÑO","UNIVERSIDADES Y COLEGIOS",2016,83,0.01744797
15,"ANTONIO NARIÑO","BODEGAS",2017,590,0.12317328
15,"ANTONIO NARIÑO","CLINICAS, HOSPITALES, CENTROS MEDICOS",2017,15,0.00313152
15,"ANTONIO NARIÑO","COMERCIO",2017,2141,0.44697286
15,"ANTONIO NARIÑO","HOTELES",2017,0,0.00000000
15,"ANTONIO NARIÑO","INDUSTRIA",2017,63,0.01315240
15,"ANTONIO NARIÑO","LOTES",2017,520,0.10855950
15,"ANTONIO NARIÑO","OFICINAS",2017,429,0.08956159
15,"ANTONIO NARIÑO","OTROS",2017,949,0.19812109
15,"ANTONIO NARIÑO","UNIVERSIDADES Y COLEGIOS",2017,83,0.01732777
15,"ANTONIO NARIÑO","BODEGAS",2018,592,0.12294912
15,"ANTONIO NARIÑO","CLINICAS, HOSPITALES, CENTROS MEDICOS",2018,15,0.00311526
15,"ANTONIO NARIÑO","COMERCIO",2018,2174,0.45150571
15,"ANTONIO NARIÑO","HOTELES",2018,0,0.00000000
15,"ANTONIO NARIÑO","INDUSTRIA",2018,57,0.01183801
15,"ANTONIO NARIÑO","LOTES",2018,513,0.10654206
15,"ANTONIO NARIÑO","OFICINAS",2018,432,0.08971963
15,"ANTONIO NARIÑO","OTROS",2018,949,0.19709242
15,"ANTONIO NARIÑO","UNIVERSIDADES Y COLEGIOS",2018,83,0.01723780
16,"PUENTE ARANDA","BODEGAS",2010,2678,0.19665149
16,"PUENTE ARANDA","CLINICAS, HOSPITALES, CENTROS MEDICOS",2010,3,0.00022030
16,"PUENTE ARANDA","COMERCIO",2010,5186,0.38081950
16,"PUENTE ARANDA","HOTELES",2010,17,0.00124835
16,"PUENTE ARANDA","INDUSTRIA",2010,891,0.06542811
16,"PUENTE ARANDA","LOTES",2010,1351,0.09920693
16,"PUENTE ARANDA","OFICINAS",2010,1722,0.12645029
16,"PUENTE ARANDA","OTROS",2010,1634,0.11998825
16,"PUENTE ARANDA","UNIVERSIDADES Y COLEGIOS",2010,136,0.00998678
16,"PUENTE ARANDA","BODEGAS",2011,2700,0.19505852
16,"PUENTE ARANDA","CLINICAS, HOSPITALES, CENTROS MEDICOS",2011,4,0.00028898
16,"PUENTE ARANDA","COMERCIO",2011,5224,0.37740211
16,"PUENTE ARANDA","HOTELES",2011,19,0.00137263
16,"PUENTE ARANDA","INDUSTRIA",2011,895,0.06465829
16,"PUENTE ARANDA","LOTES",2011,1366,0.09868516
16,"PUENTE ARANDA","OFICINAS",2011,1774,0.12816067
16,"PUENTE ARANDA","OTROS",2011,1726,0.12469296
16,"PUENTE ARANDA","UNIVERSIDADES Y COLEGIOS",2011,134,0.00968068
16,"PUENTE ARANDA","BODEGAS",2012,2653,0.19242765
16,"PUENTE ARANDA","CLINICAS, HOSPITALES, CENTROS MEDICOS",2012,4,0.00029013
16,"PUENTE ARANDA","COMERCIO",2012,5171,0.37506347
16,"PUENTE ARANDA","HOTELES",2012,29,0.00210343
16,"PUENTE ARANDA","INDUSTRIA",2012,884,0.06411837
16,"PUENTE ARANDA","LOTES",2012,1337,0.09697541
16,"PUENTE ARANDA","OFICINAS",2012,1799,0.13048524
16,"PUENTE ARANDA","OTROS",2012,1774,0.12867194
16,"PUENTE ARANDA","UNIVERSIDADES Y COLEGIOS",2012,136,0.00986436
16,"PUENTE ARANDA","BODEGAS",2013,2621,0.18740169
16,"PUENTE ARANDA","CLINICAS, HOSPITALES, CENTROS MEDICOS",2013,4,0.00028600
16,"PUENTE ARANDA","COMERCIO",2013,5198,0.37165737
16,"PUENTE ARANDA","HOTELES",2013,31,0.00221650
16,"PUENTE ARANDA","INDUSTRIA",2013,890,0.06363506
16,"PUENTE ARANDA","LOTES",2013,1368,0.09781210
16,"PUENTE ARANDA","OFICINAS",2013,1907,0.13635064
16,"PUENTE ARANDA","OTROS",2013,1833,0.13105963
16,"PUENTE ARANDA","UNIVERSIDADES Y COLEGIOS",2013,134,0.00958101
16,"PUENTE ARANDA","BODEGAS",2014,2612,0.18706582
16,"PUENTE ARANDA","CLINICAS, HOSPITALES, CENTROS MEDICOS",2014,4,0.00028647
16,"PUENTE ARANDA","COMERCIO",2014,5202,0.37255604
16,"PUENTE ARANDA","HOTELES",2014,39,0.00279310
16,"PUENTE ARANDA","INDUSTRIA",2014,898,0.06431283
16,"PUENTE ARANDA","LOTES",2014,1276,0.09138437
16,"PUENTE ARANDA","OFICINAS",2014,1918,0.13736303
16,"PUENTE ARANDA","OTROS",2014,1880,0.13464155
16,"PUENTE ARANDA","UNIVERSIDADES Y COLEGIOS",2014,134,0.00959679
16,"PUENTE ARANDA","BODEGAS",2015,2609,0.17994344
16,"PUENTE ARANDA","CLINICAS, HOSPITALES, CENTROS MEDICOS",2015,4,0.00027588
16,"PUENTE ARANDA","COMERCIO",2015,5505,0.37968136
16,"PUENTE ARANDA","HOTELES",2015,39,0.00268984
16,"PUENTE ARANDA","INDUSTRIA",2015,892,0.06152148
16,"PUENTE ARANDA","LOTES",2015,1281,0.08835092
16,"PUENTE ARANDA","OFICINAS",2015,1946,0.13421615
16,"PUENTE ARANDA","OTROS",2015,2095,0.14449272
16,"PUENTE ARANDA","UNIVERSIDADES Y COLEGIOS",2015,128,0.00882820
16,"PUENTE ARANDA","BODEGAS",2016,2598,0.17837281
16,"PUENTE ARANDA","CLINICAS, HOSPITALES, CENTROS MEDICOS",2016,4,0.00027463
16,"PUENTE ARANDA","COMERCIO",2016,5523,0.37919670
16,"PUENTE ARANDA","HOTELES",2016,39,0.00267765
16,"PUENTE ARANDA","INDUSTRIA",2016,884,0.06069344
16,"PUENTE ARANDA","LOTES",2016,1359,0.09330587
16,"PUENTE ARANDA","OFICINAS",2016,1943,0.13340199
16,"PUENTE ARANDA","OTROS",2016,2088,0.14335736
16,"PUENTE ARANDA","UNIVERSIDADES Y COLEGIOS",2016,127,0.00871953
16,"PUENTE ARANDA","BODEGAS",2017,2602,0.17931225
16,"PUENTE ARANDA","CLINICAS, HOSPITALES, CENTROS MEDICOS",2017,4,0.00027565
16,"PUENTE ARANDA","COMERCIO",2017,5763,0.39714699
16,"PUENTE ARANDA","HOTELES",2017,38,0.00261870
16,"PUENTE ARANDA","INDUSTRIA",2017,878,0.06050582
16,"PUENTE ARANDA","LOTES",2017,1381,0.09516918
16,"PUENTE ARANDA","OFICINAS",2017,1950,0.13438081
16,"PUENTE ARANDA","OTROS",2017,1768,0.12183861
16,"PUENTE ARANDA","UNIVERSIDADES Y COLEGIOS",2017,127,0.00875198
16,"PUENTE ARANDA","BODEGAS",2018,2598,0.17834832
16,"PUENTE ARANDA","CLINICAS, HOSPITALES, CENTROS MEDICOS",2018,4,0.00027459
16,"PUENTE ARANDA","COMERCIO",2018,5785,0.39713050
16,"PUENTE ARANDA","HOTELES",2018,54,0.00370701
16,"PUENTE ARANDA","INDUSTRIA",2018,875,0.06006728
16,"PUENTE ARANDA","LOTES",2018,1399,0.09603899
16,"PUENTE ARANDA","OFICINAS",2018,1955,0.13420746
16,"PUENTE ARANDA","OTROS",2018,1768,0.12137022
16,"PUENTE ARANDA","UNIVERSIDADES Y COLEGIOS",2018,129,0.00885563
17,"LA CANDELARIA","BODEGAS",2010,61,0.00899175
17,"LA CANDELARIA","CLINICAS, HOSPITALES, CENTROS MEDICOS",2010,0,0.00000000
17,"LA CANDELARIA","COMERCIO",2010,1969,0.29024175
17,"LA CANDELARIA","HOTELES",2010,18,0.00265330
17,"LA CANDELARIA","INDUSTRIA",2010,0,0.00000000
17,"LA CANDELARIA","LOTES",2010,602,0.08873821
17,"LA CANDELARIA","OFICINAS",2010,3748,0.55247642
17,"LA CANDELARIA","OTROS",2010,253,0.03729363
17,"LA CANDELARIA","UNIVERSIDADES Y COLEGIOS",2010,133,0.01960495
17,"LA CANDELARIA","BODEGAS",2011,57,0.00835777
17,"LA CANDELARIA","CLINICAS, HOSPITALES, CENTROS MEDICOS",2011,0,0.00000000
17,"LA CANDELARIA","COMERCIO",2011,1965,0.28812317
17,"LA CANDELARIA","HOTELES",2011,23,0.00337243
17,"LA CANDELARIA","INDUSTRIA",2011,0,0.00000000
17,"LA CANDELARIA","LOTES",2011,645,0.09457478
17,"LA CANDELARIA","OFICINAS",2011,3750,0.54985337
17,"LA CANDELARIA","OTROS",2011,246,0.03607038
17,"LA CANDELARIA","UNIVERSIDADES Y COLEGIOS",2011,134,0.01964809
17,"LA CANDELARIA","BODEGAS",2012,58,0.00839363
17,"LA CANDELARIA","CLINICAS, HOSPITALES, CENTROS MEDICOS",2012,0,0.00000000
17,"LA CANDELARIA","COMERCIO",2012,1975,0.28581766
17,"LA CANDELARIA","HOTELES",2012,24,0.00347323
17,"LA CANDELARIA","INDUSTRIA",2012,0,0.00000000
17,"LA CANDELARIA","LOTES",2012,651,0.09421129
17,"LA CANDELARIA","OFICINAS",2012,3824,0.55340087
17,"LA CANDELARIA","OTROS",2012,244,0.03531114
17,"LA CANDELARIA","UNIVERSIDADES Y COLEGIOS",2012,134,0.01939219
17,"LA CANDELARIA","BODEGAS",2013,58,0.00835614
17,"LA CANDELARIA","CLINICAS, HOSPITALES, CENTROS MEDICOS",2013,0,0.00000000
17,"LA CANDELARIA","COMERCIO",2013,1979,0.28511742
17,"LA CANDELARIA","HOTELES",2013,32,0.00461029
17,"LA CANDELARIA","INDUSTRIA",2013,0,0.00000000
17,"LA CANDELARIA","LOTES",2013,659,0.09494309
17,"LA CANDELARIA","OFICINAS",2013,3825,0.55107333
17,"LA CANDELARIA","OTROS",2013,251,0.03616194
17,"LA CANDELARIA","UNIVERSIDADES Y COLEGIOS",2013,137,0.01973779
17,"LA CANDELARIA","BODEGAS",2014,64,0.00920598
17,"LA CANDELARIA","CLINICAS, HOSPITALES, CENTROS MEDICOS",2014,0,0.00000000
17,"LA CANDELARIA","COMERCIO",2014,1968,0.28308400
17,"LA CANDELARIA","HOTELES",2014,40,0.00575374
17,"LA CANDELARIA","INDUSTRIA",2014,0,0.00000000
17,"LA CANDELARIA","LOTES",2014,654,0.09407365
17,"LA CANDELARIA","OFICINAS",2014,3830,0.55092060
17,"LA CANDELARIA","OTROS",2014,275,0.03955696
17,"LA CANDELARIA","UNIVERSIDADES Y COLEGIOS",2014,121,0.01740506
17,"LA CANDELARIA","BODEGAS",2015,66,0.00944071
17,"LA CANDELARIA","CLINICAS, HOSPITALES, CENTROS MEDICOS",2015,0,0.00000000
17,"LA CANDELARIA","COMERCIO",2015,1992,0.28493778
17,"LA CANDELARIA","HOTELES",2015,41,0.00586468
17,"LA CANDELARIA","INDUSTRIA",2015,0,0.00000000
17,"LA CANDELARIA","LOTES",2015,660,0.09440709
17,"LA CANDELARIA","OFICINAS",2015,3834,0.54841940
17,"LA CANDELARIA","OTROS",2015,277,0.03962237
17,"LA CANDELARIA","UNIVERSIDADES Y COLEGIOS",2015,121,0.01730797
17,"LA CANDELARIA","BODEGAS",2016,66,0.00945017
17,"LA CANDELARIA","CLINICAS, HOSPITALES, CENTROS MEDICOS",2016,0,0.00000000
17,"LA CANDELARIA","COMERCIO",2016,1988,0.28465063
17,"LA CANDELARIA","HOTELES",2016,41,0.00587056
17,"LA CANDELARIA","INDUSTRIA",2016,0,0.00000000
17,"LA CANDELARIA","LOTES",2016,647,0.09264032
17,"LA CANDELARIA","OFICINAS",2016,3834,0.54896907
17,"LA CANDELARIA","OTROS",2016,286,0.04095074
17,"LA CANDELARIA","UNIVERSIDADES Y COLEGIOS",2016,122,0.01746850
17,"LA CANDELARIA","BODEGAS",2017,68,0.00972540
17,"LA CANDELARIA","CLINICAS, HOSPITALES, CENTROS MEDICOS",2017,0,0.00000000
17,"LA CANDELARIA","COMERCIO",2017,1993,0.28504005
17,"LA CANDELARIA","HOTELES",2017,40,0.00572082
17,"LA CANDELARIA","INDUSTRIA",2017,0,0.00000000
17,"LA CANDELARIA","LOTES",2017,628,0.08981693
17,"LA CANDELARIA","OFICINAS",2017,3844,0.54977117
17,"LA CANDELARIA","OTROS",2017,298,0.04262014
17,"LA CANDELARIA","UNIVERSIDADES Y COLEGIOS",2017,121,0.01730549
17,"LA CANDELARIA","BODEGAS",2018,68,0.00973515
17,"LA CANDELARIA","CLINICAS, HOSPITALES, CENTROS MEDICOS",2018,0,0.00000000
17,"LA CANDELARIA","COMERCIO",2018,1991,0.28503937
17,"LA CANDELARIA","HOTELES",2018,39,0.00558339
17,"LA CANDELARIA","INDUSTRIA",2018,0,0.00000000
17,"LA CANDELARIA","LOTES",2018,628,0.08990694
17,"LA CANDELARIA","OFICINAS",2018,3843,0.55017895
17,"LA CANDELARIA","OTROS",2018,296,0.04237652
17,"LA CANDELARIA","UNIVERSIDADES Y COLEGIOS",2018,120,0.01717967
18,"RAFAEL URIBE URIBE","BODEGAS",2010,619,0.09097590
18,"RAFAEL URIBE URIBE","CLINICAS, HOSPITALES, CENTROS MEDICOS",2010,5,0.00073486
18,"RAFAEL URIBE URIBE","COMERCIO",2010,1114,0.16372722
18,"RAFAEL URIBE URIBE","HOTELES",2010,0,0.00000000
18,"RAFAEL URIBE URIBE","INDUSTRIA",2010,0,0.00000000
18,"RAFAEL URIBE URIBE","LOTES",2010,3610,0.53057025
18,"RAFAEL URIBE URIBE","OFICINAS",2010,382,0.05614345
18,"RAFAEL URIBE URIBE","OTROS",2010,846,0.12433862
18,"RAFAEL URIBE URIBE","UNIVERSIDADES Y COLEGIOS",2010,228,0.03350970
18,"RAFAEL URIBE URIBE","BODEGAS",2011,661,0.09418638
18,"RAFAEL URIBE URIBE","CLINICAS, HOSPITALES, CENTROS MEDICOS",2011,5,0.00071245
18,"RAFAEL URIBE URIBE","COMERCIO",2011,1097,0.15631234
18,"RAFAEL URIBE URIBE","HOTELES",2011,0,0.00000000
18,"RAFAEL URIBE URIBE","INDUSTRIA",2011,2,0.00028498
18,"RAFAEL URIBE URIBE","LOTES",2011,3635,0.51795383
18,"RAFAEL URIBE URIBE","OFICINAS",2011,429,0.06112853
18,"RAFAEL URIBE URIBE","OTROS",2011,960,0.13679111
18,"RAFAEL URIBE URIBE","UNIVERSIDADES Y COLEGIOS",2011,229,0.03263038
18,"RAFAEL URIBE URIBE","BODEGAS",2012,658,0.09632557
18,"RAFAEL URIBE URIBE","CLINICAS, HOSPITALES, CENTROS MEDICOS",2012,8,0.00117113
18,"RAFAEL URIBE URIBE","COMERCIO",2012,1103,0.16146977
18,"RAFAEL URIBE URIBE","HOTELES",2012,0,0.00000000
18,"RAFAEL URIBE URIBE","INDUSTRIA",2012,3,0.00043917
18,"RAFAEL URIBE URIBE","LOTES",2012,3410,0.49919485
18,"RAFAEL URIBE URIBE","OFICINAS",2012,445,0.06514420
18,"RAFAEL URIBE URIBE","OTROS",2012,977,0.14302445
18,"RAFAEL URIBE URIBE","UNIVERSIDADES Y COLEGIOS",2012,227,0.03323086
18,"RAFAEL URIBE URIBE","BODEGAS",2013,655,0.09518965
18,"RAFAEL URIBE URIBE","CLINICAS, HOSPITALES, CENTROS MEDICOS",2013,8,0.00116262
18,"RAFAEL URIBE URIBE","COMERCIO",2013,1106,0.16073245
18,"RAFAEL URIBE URIBE","HOTELES",2013,0,0.00000000
18,"RAFAEL URIBE URIBE","INDUSTRIA",2013,7,0.00101729
18,"RAFAEL URIBE URIBE","LOTES",2013,3425,0.49774742
18,"RAFAEL URIBE URIBE","OFICINAS",2013,444,0.06452551
18,"RAFAEL URIBE URIBE","OTROS",2013,1010,0.14678099
18,"RAFAEL URIBE URIBE","UNIVERSIDADES Y COLEGIOS",2013,226,0.03284406
18,"RAFAEL URIBE URIBE","BODEGAS",2014,666,0.09635417
18,"RAFAEL URIBE URIBE","CLINICAS, HOSPITALES, CENTROS MEDICOS",2014,8,0.00115741
18,"RAFAEL URIBE URIBE","COMERCIO",2014,1099,0.15899884
18,"RAFAEL URIBE URIBE","HOTELES",2014,0,0.00000000
18,"RAFAEL URIBE URIBE","INDUSTRIA",2014,7,0.00101273
18,"RAFAEL URIBE URIBE","LOTES",2014,3448,0.49884259
18,"RAFAEL URIBE URIBE","OFICINAS",2014,436,0.06307870
18,"RAFAEL URIBE URIBE","OTROS",2014,1024,0.14814815
18,"RAFAEL URIBE URIBE","UNIVERSIDADES Y COLEGIOS",2014,224,0.03240741
18,"RAFAEL URIBE URIBE","BODEGAS",2015,671,0.09681143
18,"RAFAEL URIBE URIBE","CLINICAS, HOSPITALES, CENTROS MEDICOS",2015,8,0.00115423
18,"RAFAEL URIBE URIBE","COMERCIO",2015,1094,0.15784158
18,"RAFAEL URIBE URIBE","HOTELES",2015,0,0.00000000
18,"RAFAEL URIBE URIBE","INDUSTRIA",2015,7,0.00100996
18,"RAFAEL URIBE URIBE","LOTES",2015,3436,0.49574376
18,"RAFAEL URIBE URIBE","OFICINAS",2015,445,0.06420430
18,"RAFAEL URIBE URIBE","OTROS",2015,1048,0.15120473
18,"RAFAEL URIBE URIBE","UNIVERSIDADES Y COLEGIOS",2015,222,0.03203001
18,"RAFAEL URIBE URIBE","BODEGAS",2016,664,0.09638554
18,"RAFAEL URIBE URIBE","CLINICAS, HOSPITALES, CENTROS MEDICOS",2016,8,0.00116127
18,"RAFAEL URIBE URIBE","COMERCIO",2016,1118,0.16228771
18,"RAFAEL URIBE URIBE","HOTELES",2016,0,0.00000000
18,"RAFAEL URIBE URIBE","INDUSTRIA",2016,7,0.00101611
18,"RAFAEL URIBE URIBE","LOTES",2016,3362,0.48802439
18,"RAFAEL URIBE URIBE","OFICINAS",2016,444,0.06445057
18,"RAFAEL URIBE URIBE","OTROS",2016,1063,0.15430396
18,"RAFAEL URIBE URIBE","UNIVERSIDADES Y COLEGIOS",2016,223,0.03237045
18,"RAFAEL URIBE URIBE","BODEGAS",2017,680,0.09865081
18,"RAFAEL URIBE URIBE","CLINICAS, HOSPITALES, CENTROS MEDICOS",2017,8,0.00116060
18,"RAFAEL URIBE URIBE","COMERCIO",2017,1124,0.16306398
18,"RAFAEL URIBE URIBE","HOTELES",2017,0,0.00000000
18,"RAFAEL URIBE URIBE","INDUSTRIA",2017,8,0.00116060
18,"RAFAEL URIBE URIBE","LOTES",2017,3318,0.48135790
18,"RAFAEL URIBE URIBE","OFICINAS",2017,441,0.06397795
18,"RAFAEL URIBE URIBE","OTROS",2017,1086,0.15755114
18,"RAFAEL URIBE URIBE","UNIVERSIDADES Y COLEGIOS",2017,228,0.03307703
18,"RAFAEL URIBE URIBE","BODEGAS",2018,672,0.09712386
18,"RAFAEL URIBE URIBE","CLINICAS, HOSPITALES, CENTROS MEDICOS",2018,8,0.00115624
18,"RAFAEL URIBE URIBE","COMERCIO",2018,1146,0.16563087
18,"RAFAEL URIBE URIBE","HOTELES",2018,0,0.00000000
18,"RAFAEL URIBE URIBE","INDUSTRIA",2018,7,0.00101171
18,"RAFAEL URIBE URIBE","LOTES",2018,3321,0.47998266
18,"RAFAEL URIBE URIBE","OFICINAS",2018,440,0.06359300
18,"RAFAEL URIBE URIBE","OTROS",2018,1097,0.15854892
18,"RAFAEL URIBE URIBE","UNIVERSIDADES Y COLEGIOS",2018,228,0.03295274
19,"CIUDAD BOLÍVAR","BODEGAS",2010,358,0.01426238
19,"CIUDAD BOLÍVAR","CLINICAS, HOSPITALES, CENTROS MEDICOS",2010,4,0.00015936
19,"CIUDAD BOLÍVAR","COMERCIO",2010,1639,0.06529620
19,"CIUDAD BOLÍVAR","HOTELES",2010,1,0.00003984
19,"CIUDAD BOLÍVAR","INDUSTRIA",2010,58,0.00231066
19,"CIUDAD BOLÍVAR","LOTES",2010,21156,0.84283495
19,"CIUDAD BOLÍVAR","OFICINAS",2010,579,0.02306681
19,"CIUDAD BOLÍVAR","OTROS",2010,931,0.03709016
19,"CIUDAD BOLÍVAR","UNIVERSIDADES Y COLEGIOS",2010,375,0.01493964
19,"CIUDAD BOLÍVAR","BODEGAS",2011,389,0.01566906
19,"CIUDAD BOLÍVAR","CLINICAS, HOSPITALES, CENTROS MEDICOS",2011,21,0.00084589
19,"CIUDAD BOLÍVAR","COMERCIO",2011,1657,0.06674454
19,"CIUDAD BOLÍVAR","HOTELES",2011,0,0.00000000
19,"CIUDAD BOLÍVAR","INDUSTRIA",2011,62,0.00249738
19,"CIUDAD BOLÍVAR","LOTES",2011,20640,0.83138645
19,"CIUDAD BOLÍVAR","OFICINAS",2011,661,0.02662531
19,"CIUDAD BOLÍVAR","OTROS",2011,1032,0.04156932
19,"CIUDAD BOLÍVAR","UNIVERSIDADES Y COLEGIOS",2011,364,0.01466205
19,"CIUDAD BOLÍVAR","BODEGAS",2012,386,0.01564400
19,"CIUDAD BOLÍVAR","CLINICAS, HOSPITALES, CENTROS MEDICOS",2012,21,0.00085110
19,"CIUDAD BOLÍVAR","COMERCIO",2012,1657,0.06715571
19,"CIUDAD BOLÍVAR","HOTELES",2012,1,0.00004053
19,"CIUDAD BOLÍVAR","INDUSTRIA",2012,59,0.00239118
19,"CIUDAD BOLÍVAR","LOTES",2012,20400,0.82678123
19,"CIUDAD BOLÍVAR","OFICINAS",2012,691,0.02800519
19,"CIUDAD BOLÍVAR","OTROS",2012,1096,0.04441923
19,"CIUDAD BOLÍVAR","UNIVERSIDADES Y COLEGIOS",2012,363,0.01471184
19,"CIUDAD BOLÍVAR","BODEGAS",2013,395,0.01606213
19,"CIUDAD BOLÍVAR","CLINICAS, HOSPITALES, CENTROS MEDICOS",2013,31,0.00126057
19,"CIUDAD BOLÍVAR","COMERCIO",2013,1633,0.06640371
19,"CIUDAD BOLÍVAR","HOTELES",2013,1,0.00004066
19,"CIUDAD BOLÍVAR","INDUSTRIA",2013,58,0.00235849
19,"CIUDAD BOLÍVAR","LOTES",2013,20321,0.82632563
19,"CIUDAD BOLÍVAR","OFICINAS",2013,676,0.02748861
19,"CIUDAD BOLÍVAR","OTROS",2013,1117,0.04542128
19,"CIUDAD BOLÍVAR","UNIVERSIDADES Y COLEGIOS",2013,360,0.01463891
19,"CIUDAD BOLÍVAR","BODEGAS",2014,396,0.01625082
19,"CIUDAD BOLÍVAR","CLINICAS, HOSPITALES, CENTROS MEDICOS",2014,31,0.00127216
19,"CIUDAD BOLÍVAR","COMERCIO",2014,1626,0.06672685
19,"CIUDAD BOLÍVAR","HOTELES",2014,1,0.00004104
19,"CIUDAD BOLÍVAR","INDUSTRIA",2014,55,0.00225706
19,"CIUDAD BOLÍVAR","LOTES",2014,20121,0.82571405
19,"CIUDAD BOLÍVAR","OFICINAS",2014,677,0.02778234
19,"CIUDAD BOLÍVAR","OTROS",2014,1105,0.04534636
19,"CIUDAD BOLÍVAR","UNIVERSIDADES Y COLEGIOS",2014,356,0.01460932
19,"CIUDAD BOLÍVAR","BODEGAS",2015,404,0.01659478
19,"CIUDAD BOLÍVAR","CLINICAS, HOSPITALES, CENTROS MEDICOS",2015,30,0.00123229
19,"CIUDAD BOLÍVAR","COMERCIO",2015,1591,0.06535223
19,"CIUDAD BOLÍVAR","HOTELES",2015,1,0.00004108
19,"CIUDAD BOLÍVAR","INDUSTRIA",2015,52,0.00213596
19,"CIUDAD BOLÍVAR","LOTES",2015,20066,0.82423496
19,"CIUDAD BOLÍVAR","OFICINAS",2015,666,0.02735675
19,"CIUDAD BOLÍVAR","OTROS",2015,1180,0.04846991
19,"CIUDAD BOLÍVAR","UNIVERSIDADES Y COLEGIOS",2015,355,0.01458205
19,"CIUDAD BOLÍVAR","BODEGAS",2016,408,0.01677080
19,"CIUDAD BOLÍVAR","CLINICAS, HOSPITALES, CENTROS MEDICOS",2016,30,0.00123315
19,"CIUDAD BOLÍVAR","COMERCIO",2016,1621,0.06663104
19,"CIUDAD BOLÍVAR","HOTELES",2016,1,0.00004110
19,"CIUDAD BOLÍVAR","INDUSTRIA",2016,55,0.00226077
19,"CIUDAD BOLÍVAR","LOTES",2016,19993,0.82181026
19,"CIUDAD BOLÍVAR","OFICINAS",2016,665,0.02733476
19,"CIUDAD BOLÍVAR","OTROS",2016,1198,0.04924367
19,"CIUDAD BOLÍVAR","UNIVERSIDADES Y COLEGIOS",2016,357,0.01467445
19,"CIUDAD BOLÍVAR","BODEGAS",2017,420,0.01711840
19,"CIUDAD BOLÍVAR","CLINICAS, HOSPITALES, CENTROS MEDICOS",2017,30,0.00122274
19,"CIUDAD BOLÍVAR","COMERCIO",2017,1632,0.06651722
19,"CIUDAD BOLÍVAR","HOTELES",2017,1,0.00004076
19,"CIUDAD BOLÍVAR","INDUSTRIA",2017,55,0.00224170
19,"CIUDAD BOLÍVAR","LOTES",2017,20116,0.81988995
19,"CIUDAD BOLÍVAR","OFICINAS",2017,671,0.02734869
19,"CIUDAD BOLÍVAR","OTROS",2017,1245,0.05074384
19,"CIUDAD BOLÍVAR","UNIVERSIDADES Y COLEGIOS",2017,365,0.01487671
19,"CIUDAD BOLÍVAR","BODEGAS",2018,430,0.01764682
19,"CIUDAD BOLÍVAR","CLINICAS, HOSPITALES, CENTROS MEDICOS",2018,30,0.00123117
19,"CIUDAD BOLÍVAR","COMERCIO",2018,1618,0.06640128
19,"CIUDAD BOLÍVAR","HOTELES",2018,2,0.00008208
19,"CIUDAD BOLÍVAR","INDUSTRIA",2018,55,0.00225715
19,"CIUDAD BOLÍVAR","LOTES",2018,19927,0.81778635
19,"CIUDAD BOLÍVAR","OFICINAS",2018,665,0.02729101
19,"CIUDAD BOLÍVAR","OTROS",2018,1277,0.05240694
19,"CIUDAD BOLÍVAR","UNIVERSIDADES Y COLEGIOS",2018,363,0.01489720
20,"SUMAPAZ","BODEGAS",2010,6,0.00784314
20,"SUMAPAZ","CLINICAS, HOSPITALES, CENTROS MEDICOS",2010,0,0.00000000
20,"SUMAPAZ","COMERCIO",2010,4,0.00522876
20,"SUMAPAZ","HOTELES",2010,0,0.00000000
20,"SUMAPAZ","INDUSTRIA",2010,0,0.00000000
20,"SUMAPAZ","LOTES",2010,680,0.88888889
20,"SUMAPAZ","OFICINAS",2010,23,0.03006536
20,"SUMAPAZ","OTROS",2010,25,0.03267974
20,"SUMAPAZ","UNIVERSIDADES Y COLEGIOS",2010,27,0.03529412
20,"SUMAPAZ","BODEGAS",2011,6,0.00762389
20,"SUMAPAZ","CLINICAS, HOSPITALES, CENTROS MEDICOS",2011,0,0.00000000
20,"SUMAPAZ","COMERCIO",2011,4,0.00508259
20,"SUMAPAZ","HOTELES",2011,0,0.00000000
20,"SUMAPAZ","INDUSTRIA",2011,0,0.00000000
20,"SUMAPAZ","LOTES",2011,702,0.89199492
20,"SUMAPAZ","OFICINAS",2011,23,0.02922490
20,"SUMAPAZ","OTROS",2011,25,0.03176620
20,"SUMAPAZ","UNIVERSIDADES Y COLEGIOS",2011,27,0.03430750
20,"SUMAPAZ","BODEGAS",2012,6,0.00757576
20,"SUMAPAZ","CLINICAS, HOSPITALES, CENTROS MEDICOS",2012,0,0.00000000
20,"SUMAPAZ","COMERCIO",2012,4,0.00505051
20,"SUMAPAZ","HOTELES",2012,0,0.00000000
20,"SUMAPAZ","INDUSTRIA",2012,0,0.00000000
20,"SUMAPAZ","LOTES",2012,707,0.89267677
20,"SUMAPAZ","OFICINAS",2012,23,0.02904040
20,"SUMAPAZ","OTROS",2012,25,0.03156566
20,"SUMAPAZ","UNIVERSIDADES Y COLEGIOS",2012,27,0.03409091
20,"SUMAPAZ","BODEGAS",2013,6,0.00722892
20,"SUMAPAZ","CLINICAS, HOSPITALES, CENTROS MEDICOS",2013,0,0.00000000
20,"SUMAPAZ","COMERCIO",2013,4,0.00481928
20,"SUMAPAZ","HOTELES",2013,0,0.00000000
20,"SUMAPAZ","INDUSTRIA",2013,0,0.00000000
20,"SUMAPAZ","LOTES",2013,745,0.89759036
20,"SUMAPAZ","OFICINAS",2013,23,0.02771084
20,"SUMAPAZ","OTROS",2013,25,0.03012048
20,"SUMAPAZ","UNIVERSIDADES Y COLEGIOS",2013,27,0.03253012
20,"SUMAPAZ","BODEGAS",2014,6,0.00712589
20,"SUMAPAZ","CLINICAS, HOSPITALES, CENTROS MEDICOS",2014,0,0.00000000
20,"SUMAPAZ","COMERCIO",2014,4,0.00475059
20,"SUMAPAZ","HOTELES",2014,0,0.00000000
20,"SUMAPAZ","INDUSTRIA",2014,0,0.00000000
20,"SUMAPAZ","LOTES",2014,757,0.89904988
20,"SUMAPAZ","OFICINAS",2014,23,0.02731591
20,"SUMAPAZ","OTROS",2014,25,0.02969121
20,"SUMAPAZ","UNIVERSIDADES Y COLEGIOS",2014,27,0.03206651
20,"SUMAPAZ","BODEGAS",2015,6,0.00711744
20,"SUMAPAZ","CLINICAS, HOSPITALES, CENTROS MEDICOS",2015,0,0.00000000
20,"SUMAPAZ","COMERCIO",2015,4,0.00474496
20,"SUMAPAZ","HOTELES",2015,0,0.00000000
20,"SUMAPAZ","INDUSTRIA",2015,0,0.00000000
20,"SUMAPAZ","LOTES",2015,758,0.89916963
20,"SUMAPAZ","OFICINAS",2015,23,0.02728351
20,"SUMAPAZ","OTROS",2015,25,0.02965599
20,"SUMAPAZ","UNIVERSIDADES Y COLEGIOS",2015,27,0.03202847
20,"SUMAPAZ","BODEGAS",2016,5,0.00591017
20,"SUMAPAZ","CLINICAS, HOSPITALES, CENTROS MEDICOS",2016,0,0.00000000
20,"SUMAPAZ","COMERCIO",2016,3,0.00354610
20,"SUMAPAZ","HOTELES",2016,0,0.00000000
20,"SUMAPAZ","INDUSTRIA",2016,0,0.00000000
20,"SUMAPAZ","LOTES",2016,762,0.90070922
20,"SUMAPAZ","OFICINAS",2016,25,0.02955083
20,"SUMAPAZ","OTROS",2016,23,0.02718676
20,"SUMAPAZ","UNIVERSIDADES Y COLEGIOS",2016,28,0.03309693
20,"SUMAPAZ","BODEGAS",2017,2,0.00234192
20,"SUMAPAZ","CLINICAS, HOSPITALES, CENTROS MEDICOS",2017,0,0.00000000
20,"SUMAPAZ","COMERCIO",2017,2,0.00234192
20,"SUMAPAZ","HOTELES",2017,0,0.00000000
20,"SUMAPAZ","INDUSTRIA",2017,0,0.00000000
20,"SUMAPAZ","LOTES",2017,779,0.91217799
20,"SUMAPAZ","OFICINAS",2017,20,0.02341920
20,"SUMAPAZ","OTROS",2017,25,0.02927400
20,"SUMAPAZ","UNIVERSIDADES Y COLEGIOS",2017,26,0.03044496
20,"SUMAPAZ","BODEGAS",2018,2,0.00233100
20,"SUMAPAZ","CLINICAS, HOSPITALES, CENTROS MEDICOS",2018,0,0.00000000
20,"SUMAPAZ","COMERCIO",2018,2,0.00233100
20,"SUMAPAZ","HOTELES",2018,0,0.00000000
20,"SUMAPAZ","INDUSTRIA",2018,0,0.00000000
20,"SUMAPAZ","LOTES",2018,784,0.91375291
20,"SUMAPAZ","OFICINAS",2018,18,0.02097902
20,"SUMAPAZ","OTROS",2018,27,0.03146853
20,"SUMAPAZ","UNIVERSIDADES Y COLEGIOS",2018,25,0.02913753