Codigo,Localidad,ActividadEconomica,Year,PorcUso
1,"USAQUÉN","BODEGAS",2010,0.028480748
1,"USAQUÉN","CLINICAS, HOSPITALES, CENTROS MEDICOS",2010,0.008094890
1,"USAQUÉN","COMERCIO",2010,0.039598496
1,"USAQUÉN","HOTELES",2010,0.009207570
1,"USAQUÉN","INDUSTRIA",2010,0.002342658
1,"USAQUÉN","LOTES",2010,0.000184790
1,"USAQUÉN","OFICINAS",2010,0.055677112
1,"USAQUÉN","OTROS",2010,0.018464320
1,"USAQUÉN","RESIDENCIAL",2010,0.812186854
1,"USAQUÉN","UNIVERSIDADES Y COLEGIOS",2010,0.025762562
1,"USAQUÉN","BODEGAS",2011,0.028162785
1,"USAQUÉN","CLINICAS, HOSPITALES, CENTROS MEDICOS",2011,0.007956548
1,"USAQUÉN","COMERCIO",2011,0.039258047
1,"USAQUÉN","HOTELES",2011,0.010753338
1,"USAQUÉN","INDUSTRIA",2011,0.002198832
1,"USAQUÉN","LOTES",2011,0.000073472
1,"USAQUÉN","OFICINAS",2011,0.060729520
1,"USAQUÉN","OTROS",2011,0.019100037
1,"USAQUÉN","RESIDENCIAL",2011,0.804420866
1,"USAQUÉN","UNIVERSIDADES Y COLEGIOS",2011,0.027346555
1,"USAQUÉN","BODEGAS",2012,0.026063786
1,"USAQUÉN","CLINICAS, HOSPITALES, CENTROS MEDICOS",2012,0.006487382
1,"USAQUÉN","COMERCIO",2012,0.038286428
1,"USAQUÉN","HOTELES",2012,0.010641197
1,"USAQUÉN","INDUSTRIA",2012,0.002226430
1,"USAQUÉN","LOTES",2012,0.000068881
1,"USAQUÉN","OFICINAS",2012,0.059906949
1,"USAQUÉN","OTROS",2012,0.021704065
1,"USAQUÉN","RESIDENCIAL",2012,0.806824284
1,"USAQUÉN","UNIVERSIDADES Y COLEGIOS",2012,0.027790600
1,"USAQUÉN","BODEGAS",2013,0.026917526
1,"USAQUÉN","CLINICAS, HOSPITALES, CENTROS MEDICOS",2013,0.006303238
1,"USAQUÉN","COMERCIO",2013,0.037546788
1,"USAQUÉN","HOTELES",2013,0.010352911
1,"USAQUÉN","INDUSTRIA",2013,0.002193929
1,"USAQUÉN","LOTES",2013,0.000159518
1,"USAQUÉN","OFICINAS",2013,0.058096958
1,"USAQUÉN","OTROS",2013,0.023242907
1,"USAQUÉN","RESIDENCIAL",2013,0.808064607
1,"USAQUÉN","UNIVERSIDADES Y COLEGIOS",2013,0.027121618
1,"USAQUÉN","BODEGAS",2014,0.026338684
1,"USAQUÉN","CLINICAS, HOSPITALES, CENTROS MEDICOS",2014,0.006818058
1,"USAQUÉN","COMERCIO",2014,0.037310554
1,"USAQUÉN","HOTELES",2014,0.005814872
1,"USAQUÉN","INDUSTRIA",2014,0.002120960
1,"USAQUÉN","LOTES",2014,0.000064560
1,"USAQUÉN","OFICINAS",2014,0.058843302
1,"USAQUÉN","OTROS",2014,0.030064342
1,"USAQUÉN","RESIDENCIAL",2014,0.806620703
1,"USAQUÉN","UNIVERSIDADES Y COLEGIOS",2014,0.026003964
1,"USAQUÉN","BODEGAS",2015,0.026809384
1,"USAQUÉN","CLINICAS, HOSPITALES, CENTROS MEDICOS",2015,0.006738983
1,"USAQUÉN","COMERCIO",2015,0.036528468
1,"USAQUÉN","HOTELES",2015,0.006460108
1,"USAQUÉN","INDUSTRIA",2015,0.002115174
1,"USAQUÉN","LOTES",2015,0.000063334
1,"USAQUÉN","OFICINAS",2015,0.060210771
1,"USAQUÉN","OTROS",2015,0.027440038
1,"USAQUÉN","RESIDENCIAL",2015,0.807718075
1,"USAQUÉN","UNIVERSIDADES Y COLEGIOS",2015,0.025915665
1,"USAQUÉN","BODEGAS",2016,0.027512921
1,"USAQUÉN","CLINICAS, HOSPITALES, CENTROS MEDICOS",2016,0.006878857
1,"USAQUÉN","COMERCIO",2016,0.036152991
1,"USAQUÉN","HOTELES",2016,0.006366408
1,"USAQUÉN","INDUSTRIA",2016,0.002248243
1,"USAQUÉN","LOTES",2016,0.000062191
1,"USAQUÉN","OFICINAS",2016,0.062288111
1,"USAQUÉN","OTROS",2016,0.027192565
1,"USAQUÉN","RESIDENCIAL",2016,0.804648765
1,"USAQUÉN","UNIVERSIDADES Y COLEGIOS",2016,0.026648947
1,"USAQUÉN","BODEGAS",2017,0.027625957
1,"USAQUÉN","CLINICAS, HOSPITALES, CENTROS MEDICOS",2017,0.006788046
1,"USAQUÉN","COMERCIO",2017,0.034868474
1,"USAQUÉN","HOTELES",2017,0.005650293
1,"USAQUÉN","INDUSTRIA",2017,0.002215824
1,"USAQUÉN","LOTES",2017,0.000051501
1,"USAQUÉN","OFICINAS",2017,0.061551778
1,"USAQUÉN","OTROS",2017,0.026904798
1,"USAQUÉN","RESIDENCIAL",2017,0.808088469
1,"USAQUÉN","UNIVERSIDADES Y COLEGIOS",2017,0.026254860
1,"USAQUÉN","BODEGAS",2018,0.027653918
1,"USAQUÉN","CLINICAS, HOSPITALES, CENTROS MEDICOS",2018,0.008741224
1,"USAQUÉN","COMERCIO",2018,0.033960220
1,"USAQUÉN","HOTELES",2018,0.005461081
1,"USAQUÉN","INDUSTRIA",2018,0.002420801
1,"USAQUÉN","LOTES",2018,0.000028227
1,"USAQUÉN","OFICINAS",2018,0.068289995
1,"USAQUÉN","OTROS",2018,0.026006583
1,"USAQUÉN","RESIDENCIAL",2018,0.801392072
1,"USAQUÉN","UNIVERSIDADES Y COLEGIOS",2018,0.026045878
2,"CHAPINERO","BODEGAS",2010,0.007453684
2,"CHAPINERO","CLINICAS, HOSPITALES, CENTROS MEDICOS",2010,0.016466344
2,"CHAPINERO","COMERCIO",2010,0.075033275
2,"CHAPINERO","HOTELES",2010,0.012988277
2,"CHAPINERO","INDUSTRIA",2010,0.000251201
2,"CHAPINERO","LOTES",2010,0.000276695
2,"CHAPINERO","OFICINAS",2010,0.216027154
2,"CHAPINERO","OTROS",2010,0.027531090
2,"CHAPINERO","RESIDENCIAL",2010,0.597106516
2,"CHAPINERO","UNIVERSIDADES Y COLEGIOS",2010,0.046865764
2,"CHAPINERO","BODEGAS",2011,0.006980199
2,"CHAPINERO","CLINICAS, HOSPITALES, CENTROS MEDICOS",2011,0.016487548
2,"CHAPINERO","COMERCIO",2011,0.073207355
2,"CHAPINERO","HOTELES",2011,0.014736878
2,"CHAPINERO","INDUSTRIA",2011,0.000190060
2,"CHAPINERO","LOTES",2011,0.004969555
2,"CHAPINERO","OFICINAS",2011,0.224981520
2,"CHAPINERO","OTROS",2011,0.029698939
2,"CHAPINERO","RESIDENCIAL",2011,0.579855817
2,"CHAPINERO","UNIVERSIDADES Y COLEGIOS",2011,0.048892128
2,"CHAPINERO","BODEGAS",2012,0.006814385
2,"CHAPINERO","CLINICAS, HOSPITALES, CENTROS MEDICOS",2012,0.016118625
2,"CHAPINERO","COMERCIO",2012,0.071169717
2,"CHAPINERO","HOTELES",2012,0.017538130
2,"CHAPINERO","INDUSTRIA",2012,0.000000000
2,"CHAPINERO","LOTES",2012,0.000000000
2,"CHAPINERO","OFICINAS",2012,0.227781580
2,"CHAPINERO","OTROS",2012,0.025717692
2,"CHAPINERO","RESIDENCIAL",2012,0.582901421
2,"CHAPINERO","UNIVERSIDADES Y COLEGIOS",2012,0.051958450
2,"CHAPINERO","BODEGAS",2013,0.006108720
2,"CHAPINERO","CLINICAS, HOSPITALES, CENTROS MEDICOS",2013,0.017688027
2,"CHAPINERO","COMERCIO",2013,0.068552290
2,"CHAPINERO","HOTELES",2013,0.020531202
2,"CHAPINERO","INDUSTRIA",2013,0.000000000
2,"CHAPINERO","LOTES",2013,0.000000000
2,"CHAPINERO","OFICINAS",2013,0.224833127
2,"CHAPINERO","OTROS",2013,0.024424914
2,"CHAPINERO","RESIDENCIAL",2013,0.586335439
2,"CHAPINERO","UNIVERSIDADES Y COLEGIOS",2013,0.051526281
2,"CHAPINERO","BODEGAS",2014,0.004960667
2,"CHAPINERO","CLINICAS, HOSPITALES, CENTROS MEDICOS",2014,0.017485367
2,"CHAPINERO","COMERCIO",2014,0.068784266
2,"CHAPINERO","HOTELES",2014,0.023941768
2,"CHAPINERO","INDUSTRIA",2014,0.000000000
2,"CHAPINERO","LOTES",2014,0.000000000
2,"CHAPINERO","OFICINAS",2014,0.223598189
2,"CHAPINERO","OTROS",2014,0.027443495
2,"CHAPINERO","RESIDENCIAL",2014,0.586420438
2,"CHAPINERO","UNIVERSIDADES Y COLEGIOS",2014,0.047365810
2,"CHAPINERO","BODEGAS",2015,0.006596771
2,"CHAPINERO","CLINICAS, HOSPITALES, CENTROS MEDICOS",2015,0.017663817
2,"CHAPINERO","COMERCIO",2015,0.067469382
2,"CHAPINERO","HOTELES",2015,0.024022685
2,"CHAPINERO","INDUSTRIA",2015,0.000017886
2,"CHAPINERO","LOTES",2015,0.000000000
2,"CHAPINERO","OFICINAS",2015,0.225372945
2,"CHAPINERO","OTROS",2015,0.025141064
2,"CHAPINERO","RESIDENCIAL",2015,0.585434150
2,"CHAPINERO","UNIVERSIDADES Y COLEGIOS",2015,0.048281300
2,"CHAPINERO","BODEGAS",2016,0.006359218
2,"CHAPINERO","CLINICAS, HOSPITALES, CENTROS MEDICOS",2016,0.017475066
2,"CHAPINERO","COMERCIO",2016,0.067045841
2,"CHAPINERO","HOTELES",2016,0.024138041
2,"CHAPINERO","INDUSTRIA",2016,0.000017670
2,"CHAPINERO","LOTES",2016,0.000000000
2,"CHAPINERO","OFICINAS",2016,0.223365361
2,"CHAPINERO","OTROS",2016,0.024555054
2,"CHAPINERO","RESIDENCIAL",2016,0.588851210
2,"CHAPINERO","UNIVERSIDADES Y COLEGIOS",2016,0.048192539
2,"CHAPINERO","BODEGAS",2017,0.007284920
2,"CHAPINERO","CLINICAS, HOSPITALES, CENTROS MEDICOS",2017,0.017065963
2,"CHAPINERO","COMERCIO",2017,0.066089791
2,"CHAPINERO","HOTELES",2017,0.022100281
2,"CHAPINERO","INDUSTRIA",2017,0.000017680
2,"CHAPINERO","LOTES",2017,0.000000000
2,"CHAPINERO","OFICINAS",2017,0.221190829
2,"CHAPINERO","OTROS",2017,0.024368010
2,"CHAPINERO","RESIDENCIAL",2017,0.593092032
2,"CHAPINERO","UNIVERSIDADES Y COLEGIOS",2017,0.048790493
2,"CHAPINERO","BODEGAS",2018,0.007339102
2,"CHAPINERO","CLINICAS, HOSPITALES, CENTROS MEDICOS",2018,0.016460665
2,"CHAPINERO","COMERCIO",2018,0.064932813
2,"CHAPINERO","HOTELES",2018,0.021502083
2,"CHAPINERO","INDUSTRIA",2018,0.000017166
2,"CHAPINERO","LOTES",2018,0.000000000
2,"CHAPINERO","OFICINAS",2018,0.223089514
2,"CHAPINERO","OTROS",2018,0.025331201
2,"CHAPINERO","RESIDENCIAL",2018,0.592302487
2,"CHAPINERO","UNIVERSIDADES Y COLEGIOS",2018,0.049024969
3,"SANTA FÉ","BODEGAS",2010,0.019324959
3,"SANTA FÉ","CLINICAS, HOSPITALES, CENTROS MEDICOS",2010,0.000842561
3,"SANTA FÉ","COMERCIO",2010,0.124181283
3,"SANTA FÉ","HOTELES",2010,0.025793509
3,"SANTA FÉ","INDUSTRIA",2010,0.000908937
3,"SANTA FÉ","LOTES",2010,0.000656991
3,"SANTA FÉ","OFICINAS",2010,0.264781290
3,"SANTA FÉ","OTROS",2010,0.072471178
3,"SANTA FÉ","RESIDENCIAL",2010,0.442244491
3,"SANTA FÉ","UNIVERSIDADES Y COLEGIOS",2010,0.048794801
3,"SANTA FÉ","BODEGAS",2011,0.019547471
3,"SANTA FÉ","CLINICAS, HOSPITALES, CENTROS MEDICOS",2011,0.000850691
3,"SANTA FÉ","COMERCIO",2011,0.120939726
3,"SANTA FÉ","HOTELES",2011,0.023864318
3,"SANTA FÉ","INDUSTRIA",2011,0.000649795
3,"SANTA FÉ","LOTES",2011,0.000000000
3,"SANTA FÉ","OFICINAS",2011,0.267316357
3,"SANTA FÉ","OTROS",2011,0.074827947
3,"SANTA FÉ","RESIDENCIAL",2011,0.443529379
3,"SANTA FÉ","UNIVERSIDADES Y COLEGIOS",2011,0.048474316
3,"SANTA FÉ","BODEGAS",2012,0.021277484
3,"SANTA FÉ","CLINICAS, HOSPITALES, CENTROS MEDICOS",2012,0.000824392
3,"SANTA FÉ","COMERCIO",2012,0.119568592
3,"SANTA FÉ","HOTELES",2012,0.016595586
3,"SANTA FÉ","INDUSTRIA",2012,0.000481673
3,"SANTA FÉ","LOTES",2012,0.000019467
3,"SANTA FÉ","OFICINAS",2012,0.272000337
3,"SANTA FÉ","OTROS",2012,0.075809056
3,"SANTA FÉ","RESIDENCIAL",2012,0.443661235
3,"SANTA FÉ","UNIVERSIDADES Y COLEGIOS",2012,0.049762177
3,"SANTA FÉ","BODEGAS",2013,0.021566998
3,"SANTA FÉ","CLINICAS, HOSPITALES, CENTROS MEDICOS",2013,0.000834144
3,"SANTA FÉ","COMERCIO",2013,0.121735426
3,"SANTA FÉ","HOTELES",2013,0.017022349
3,"SANTA FÉ","INDUSTRIA",2013,0.000487371
3,"SANTA FÉ","LOTES",2013,0.000000000
3,"SANTA FÉ","OFICINAS",2013,0.275375929
3,"SANTA FÉ","OTROS",2013,0.077317379
3,"SANTA FÉ","RESIDENCIAL",2013,0.434525721
3,"SANTA FÉ","UNIVERSIDADES Y COLEGIOS",2013,0.051134683
3,"SANTA FÉ","BODEGAS",2014,0.020231692
3,"SANTA FÉ","CLINICAS, HOSPITALES, CENTROS MEDICOS",2014,0.000955071
3,"SANTA FÉ","COMERCIO",2014,0.101605066
3,"SANTA FÉ","HOTELES",2014,0.016991778
3,"SANTA FÉ","INDUSTRIA",2014,0.000446980
3,"SANTA FÉ","LOTES",2014,0.000279863
3,"SANTA FÉ","OFICINAS",2014,0.297509753
3,"SANTA FÉ","OTROS",2014,0.075594645
3,"SANTA FÉ","RESIDENCIAL",2014,0.435404186
3,"SANTA FÉ","UNIVERSIDADES Y COLEGIOS",2014,0.050980965
3,"SANTA FÉ","BODEGAS",2015,0.020295996
3,"SANTA FÉ","CLINICAS, HOSPITALES, CENTROS MEDICOS",2015,0.000950731
3,"SANTA FÉ","COMERCIO",2015,0.100849680
3,"SANTA FÉ","HOTELES",2015,0.017294568
3,"SANTA FÉ","INDUSTRIA",2015,0.000446553
3,"SANTA FÉ","LOTES",2015,0.000000000
3,"SANTA FÉ","OFICINAS",2015,0.298104404
3,"SANTA FÉ","OTROS",2015,0.073094856
3,"SANTA FÉ","RESIDENCIAL",2015,0.437688275
3,"SANTA FÉ","UNIVERSIDADES Y COLEGIOS",2015,0.051274937
3,"SANTA FÉ","BODEGAS",2016,0.020071984
3,"SANTA FÉ","CLINICAS, HOSPITALES, CENTROS MEDICOS",2016,0.000928468
3,"SANTA FÉ","COMERCIO",2016,0.098657914
3,"SANTA FÉ","HOTELES",2016,0.018698909
3,"SANTA FÉ","INDUSTRIA",2016,0.000436096
3,"SANTA FÉ","LOTES",2016,0.000000000
3,"SANTA FÉ","OFICINAS",2016,0.290876861
3,"SANTA FÉ","OTROS",2016,0.072382797
3,"SANTA FÉ","RESIDENCIAL",2016,0.447484023
3,"SANTA FÉ","UNIVERSIDADES Y COLEGIOS",2016,0.050462948
3,"SANTA FÉ","BODEGAS",2017,0.020030694
3,"SANTA FÉ","CLINICAS, HOSPITALES, CENTROS MEDICOS",2017,0.000933580
3,"SANTA FÉ","COMERCIO",2017,0.098831506
3,"SANTA FÉ","HOTELES",2017,0.019856759
3,"SANTA FÉ","INDUSTRIA",2017,0.000438497
3,"SANTA FÉ","LOTES",2017,0.000000000
3,"SANTA FÉ","OFICINAS",2017,0.293178830
3,"SANTA FÉ","OTROS",2017,0.072902883
3,"SANTA FÉ","RESIDENCIAL",2017,0.443331279
3,"SANTA FÉ","UNIVERSIDADES Y COLEGIOS",2017,0.050495971
3,"SANTA FÉ","BODEGAS",2018,0.019398427
3,"SANTA FÉ","CLINICAS, HOSPITALES, CENTROS MEDICOS",2018,0.000922630
3,"SANTA FÉ","COMERCIO",2018,0.098787779
3,"SANTA FÉ","HOTELES",2018,0.019632350
3,"SANTA FÉ","INDUSTRIA",2018,0.000433354
3,"SANTA FÉ","LOTES",2018,0.000000000
3,"SANTA FÉ","OFICINAS",2018,0.289960253
3,"SANTA FÉ","OTROS",2018,0.073059094
3,"SANTA FÉ","RESIDENCIAL",2018,0.447793720
3,"SANTA FÉ","UNIVERSIDADES Y COLEGIOS",2018,0.050012394
4,"SAN CRISTÓBAL","BODEGAS",2010,0.018680936
4,"SAN CRISTÓBAL","CLINICAS, HOSPITALES, CENTROS MEDICOS",2010,0.010107798
4,"SAN CRISTÓBAL","COMERCIO",2010,0.017147280
4,"SAN CRISTÓBAL","HOTELES",2010,0.000000000
4,"SAN CRISTÓBAL","INDUSTRIA",2010,0.005403321
4,"SAN CRISTÓBAL","LOTES",2010,0.000000000
4,"SAN CRISTÓBAL","OFICINAS",2010,0.016834576
4,"SAN CRISTÓBAL","OTROS",2010,0.017567728
4,"SAN CRISTÓBAL","RESIDENCIAL",2010,0.881862293
4,"SAN CRISTÓBAL","UNIVERSIDADES Y COLEGIOS",2010,0.032396068
4,"SAN CRISTÓBAL","BODEGAS",2011,0.018531848
4,"SAN CRISTÓBAL","CLINICAS, HOSPITALES, CENTROS MEDICOS",2011,0.010203688
4,"SAN CRISTÓBAL","COMERCIO",2011,0.017406090
4,"SAN CRISTÓBAL","HOTELES",2011,0.000000000
4,"SAN CRISTÓBAL","INDUSTRIA",2011,0.001904809
4,"SAN CRISTÓBAL","LOTES",2011,0.000000000
4,"SAN CRISTÓBAL","OFICINAS",2011,0.018663525
4,"SAN CRISTÓBAL","OTROS",2011,0.019608935
4,"SAN CRISTÓBAL","RESIDENCIAL",2011,0.883188663
4,"SAN CRISTÓBAL","UNIVERSIDADES Y COLEGIOS",2011,0.030492442
4,"SAN CRISTÓBAL","BODEGAS",2012,0.018450329
4,"SAN CRISTÓBAL","CLINICAS, HOSPITALES, CENTROS MEDICOS",2012,0.008826340
4,"SAN CRISTÓBAL","COMERCIO",2012,0.017014155
4,"SAN CRISTÓBAL","HOTELES",2012,0.000000000
4,"SAN CRISTÓBAL","INDUSTRIA",2012,0.001302468
4,"SAN CRISTÓBAL","LOTES",2012,0.000000000
4,"SAN CRISTÓBAL","OFICINAS",2012,0.021979880
4,"SAN CRISTÓBAL","OTROS",2012,0.020407035
4,"SAN CRISTÓBAL","RESIDENCIAL",2012,0.882652355
4,"SAN CRISTÓBAL","UNIVERSIDADES Y COLEGIOS",2012,0.029367439
4,"SAN CRISTÓBAL","BODEGAS",2013,0.017765543
4,"SAN CRISTÓBAL","CLINICAS, HOSPITALES, CENTROS MEDICOS",2013,0.008676816
4,"SAN CRISTÓBAL","COMERCIO",2013,0.016743203
4,"SAN CRISTÓBAL","HOTELES",2013,0.000000000
4,"SAN CRISTÓBAL","INDUSTRIA",2013,0.001336459
4,"SAN CRISTÓBAL","LOTES",2013,0.000000000
4,"SAN CRISTÓBAL","OFICINAS",2013,0.021811080
4,"SAN CRISTÓBAL","OTROS",2013,0.020283490
4,"SAN CRISTÓBAL","RESIDENCIAL",2013,0.884897377
4,"SAN CRISTÓBAL","UNIVERSIDADES Y COLEGIOS",2013,0.028486032
4,"SAN CRISTÓBAL","BODEGAS",2014,0.017022655
4,"SAN CRISTÓBAL","CLINICAS, HOSPITALES, CENTROS MEDICOS",2014,0.009916563
4,"SAN CRISTÓBAL","COMERCIO",2014,0.016507242
4,"SAN CRISTÓBAL","HOTELES",2014,0.000000000
4,"SAN CRISTÓBAL","INDUSTRIA",2014,0.001252193
4,"SAN CRISTÓBAL","LOTES",2014,0.000000000
4,"SAN CRISTÓBAL","OFICINAS",2014,0.022283873
4,"SAN CRISTÓBAL","OTROS",2014,0.020106477
4,"SAN CRISTÓBAL","RESIDENCIAL",2014,0.886392067
4,"SAN CRISTÓBAL","UNIVERSIDADES Y COLEGIOS",2014,0.026518929
4,"SAN CRISTÓBAL","BODEGAS",2015,0.017327681
4,"SAN CRISTÓBAL","CLINICAS, HOSPITALES, CENTROS MEDICOS",2015,0.009812237
4,"SAN CRISTÓBAL","COMERCIO",2015,0.016525201
4,"SAN CRISTÓBAL","HOTELES",2015,0.000000000
4,"SAN CRISTÓBAL","INDUSTRIA",2015,0.000751708
4,"SAN CRISTÓBAL","LOTES",2015,0.000000000
4,"SAN CRISTÓBAL","OFICINAS",2015,0.021939918
4,"SAN CRISTÓBAL","OTROS",2015,0.020387767
4,"SAN CRISTÓBAL","RESIDENCIAL",2015,0.887190241
4,"SAN CRISTÓBAL","UNIVERSIDADES Y COLEGIOS",2015,0.026065247
4,"SAN CRISTÓBAL","BODEGAS",2016,0.017183886
4,"SAN CRISTÓBAL","CLINICAS, HOSPITALES, CENTROS MEDICOS",2016,0.010089042
4,"SAN CRISTÓBAL","COMERCIO",2016,0.016351013
4,"SAN CRISTÓBAL","HOTELES",2016,0.000000000
4,"SAN CRISTÓBAL","INDUSTRIA",2016,0.000746284
4,"SAN CRISTÓBAL","LOTES",2016,0.000000000
4,"SAN CRISTÓBAL","OFICINAS",2016,0.021923920
4,"SAN CRISTÓBAL","OTROS",2016,0.020747009
4,"SAN CRISTÓBAL","RESIDENCIAL",2016,0.887054775
4,"SAN CRISTÓBAL","UNIVERSIDADES Y COLEGIOS",2016,0.025904072
4,"SAN CRISTÓBAL","BODEGAS",2017,0.015919405
4,"SAN CRISTÓBAL","CLINICAS, HOSPITALES, CENTROS MEDICOS",2017,0.009957074
4,"SAN CRISTÓBAL","COMERCIO",2017,0.016592010
4,"SAN CRISTÓBAL","HOTELES",2017,0.000000000
4,"SAN CRISTÓBAL","INDUSTRIA",2017,0.000736707
4,"SAN CRISTÓBAL","LOTES",2017,0.000000000
4,"SAN CRISTÓBAL","OFICINAS",2017,0.021640843
4,"SAN CRISTÓBAL","OTROS",2017,0.020924231
4,"SAN CRISTÓBAL","RESIDENCIAL",2017,0.889736686
4,"SAN CRISTÓBAL","UNIVERSIDADES Y COLEGIOS",2017,0.024493045
4,"SAN CRISTÓBAL","BODEGAS",2018,0.016395490
4,"SAN CRISTÓBAL","CLINICAS, HOSPITALES, CENTROS MEDICOS",2018,0.009876200
4,"SAN CRISTÓBAL","COMERCIO",2018,0.016188338
4,"SAN CRISTÓBAL","HOTELES",2018,0.000000000
4,"SAN CRISTÓBAL","INDUSTRIA",2018,0.000595209
4,"SAN CRISTÓBAL","LOTES",2018,0.000000000
4,"SAN CRISTÓBAL","OFICINAS",2018,0.021441742
4,"SAN CRISTÓBAL","OTROS",2018,0.020898552
4,"SAN CRISTÓBAL","RESIDENCIAL",2018,0.890419910
4,"SAN CRISTÓBAL","UNIVERSIDADES Y COLEGIOS",2018,0.024184559
5,"USME","BODEGAS",2010,0.016142269
5,"USME","CLINICAS, HOSPITALES, CENTROS MEDICOS",2010,0.000512705
5,"USME","COMERCIO",2010,0.017668467
5,"USME","HOTELES",2010,0.000000000
5,"USME","INDUSTRIA",2010,0.012581637
5,"USME","LOTES",2010,0.000017636
5,"USME","OFICINAS",2010,0.012495069
5,"USME","OTROS",2010,0.021115508
5,"USME","RESIDENCIAL",2010,0.887175378
5,"USME","UNIVERSIDADES Y COLEGIOS",2010,0.032291331
5,"USME","BODEGAS",2011,0.015907095
5,"USME","CLINICAS, HOSPITALES, CENTROS MEDICOS",2011,0.000489909
5,"USME","COMERCIO",2011,0.017472781
5,"USME","HOTELES",2011,0.000000000
5,"USME","INDUSTRIA",2011,0.013860790
5,"USME","LOTES",2011,0.000026121
5,"USME","OFICINAS",2011,0.012889298
5,"USME","OTROS",2011,0.021129048
5,"USME","RESIDENCIAL",2011,0.887195247
5,"USME","UNIVERSIDADES Y COLEGIOS",2011,0.031029712
5,"USME","BODEGAS",2012,0.015736202
5,"USME","CLINICAS, HOSPITALES, CENTROS MEDICOS",2012,0.000473313
5,"USME","COMERCIO",2012,0.017256449
5,"USME","HOTELES",2012,0.000000000
5,"USME","INDUSTRIA",2012,0.013987553
5,"USME","LOTES",2012,0.000016281
5,"USME","OFICINAS",2012,0.012678168
5,"USME","OTROS",2012,0.021477615
5,"USME","RESIDENCIAL",2012,0.888100775
5,"USME","UNIVERSIDADES Y COLEGIOS",2012,0.030273644
5,"USME","BODEGAS",2013,0.014983480
5,"USME","CLINICAS, HOSPITALES, CENTROS MEDICOS",2013,0.000449457
5,"USME","COMERCIO",2013,0.016623416
5,"USME","HOTELES",2013,0.000000000
5,"USME","INDUSTRIA",2013,0.013282559
5,"USME","LOTES",2013,0.000015461
5,"USME","OFICINAS",2013,0.012403594
5,"USME","OTROS",2013,0.021160975
5,"USME","RESIDENCIAL",2013,0.892226461
5,"USME","UNIVERSIDADES Y COLEGIOS",2013,0.028854597
5,"USME","BODEGAS",2014,0.015075181
5,"USME","CLINICAS, HOSPITALES, CENTROS MEDICOS",2014,0.000432976
5,"USME","COMERCIO",2014,0.016621194
5,"USME","HOTELES",2014,0.000000000
5,"USME","INDUSTRIA",2014,0.012857886
5,"USME","LOTES",2014,0.000014894
5,"USME","OFICINAS",2014,0.013649788
5,"USME","OTROS",2014,0.020113569
5,"USME","RESIDENCIAL",2014,0.891981788
5,"USME","UNIVERSIDADES Y COLEGIOS",2014,0.029252725
5,"USME","BODEGAS",2015,0.013575565
5,"USME","CLINICAS, HOSPITALES, CENTROS MEDICOS",2015,0.000413537
5,"USME","COMERCIO",2015,0.015801318
5,"USME","HOTELES",2015,0.000000000
5,"USME","INDUSTRIA",2015,0.012181351
5,"USME","LOTES",2015,0.000014225
5,"USME","OFICINAS",2015,0.013968897
5,"USME","OTROS",2015,0.021538308
5,"USME","RESIDENCIAL",2015,0.893521021
5,"USME","UNIVERSIDADES Y COLEGIOS",2015,0.028985777
5,"USME","BODEGAS",2016,0.013765714
5,"USME","CLINICAS, HOSPITALES, CENTROS MEDICOS",2016,0.000401537
5,"USME","COMERCIO",2016,0.015604417
5,"USME","HOTELES",2016,0.000000000
5,"USME","INDUSTRIA",2016,0.011101158
5,"USME","LOTES",2016,0.000013812
5,"USME","OFICINAS",2016,0.013791413
5,"USME","OTROS",2016,0.022549927
5,"USME","RESIDENCIAL",2016,0.893124084
5,"USME","UNIVERSIDADES Y COLEGIOS",2016,0.029647938
5,"USME","BODEGAS",2017,0.014588185
5,"USME","CLINICAS, HOSPITALES, CENTROS MEDICOS",2017,0.000389653
5,"USME","COMERCIO",2017,0.015587034
5,"USME","HOTELES",2017,0.000000000
5,"USME","INDUSTRIA",2017,0.010256432
5,"USME","LOTES",2017,0.000013403
5,"USME","OFICINAS",2017,0.013110138
5,"USME","OTROS",2017,0.021223065
5,"USME","RESIDENCIAL",2017,0.895791294
5,"USME","UNIVERSIDADES Y COLEGIOS",2017,0.029040796
5,"USME","BODEGAS",2018,0.014459588
5,"USME","CLINICAS, HOSPITALES, CENTROS MEDICOS",2018,0.000383877
5,"USME","COMERCIO",2018,0.015447331
5,"USME","HOTELES",2018,0.000000000
5,"USME","INDUSTRIA",2018,0.010174312
5,"USME","LOTES",2018,0.000000000
5,"USME","OFICINAS",2018,0.013000413
5,"USME","OTROS",2018,0.021282555
5,"USME","RESIDENCIAL",2018,0.896438135
5,"USME","UNIVERSIDADES Y COLEGIOS",2018,0.028813789
6,"TUNJUELITO","BODEGAS",2010,0.026320365
6,"TUNJUELITO","CLINICAS, HOSPITALES, CENTROS MEDICOS",2010,0.003366228
6,"TUNJUELITO","COMERCIO",2010,0.026999889
6,"TUNJUELITO","HOTELES",2010,0.000000000
6,"TUNJUELITO","INDUSTRIA",2010,0.045048874
6,"TUNJUELITO","LOTES",2010,0.000000000
6,"TUNJUELITO","OFICINAS",2010,0.018471227
6,"TUNJUELITO","OTROS",2010,0.056944643
6,"TUNJUELITO","RESIDENCIAL",2010,0.783369938
6,"TUNJUELITO","UNIVERSIDADES Y COLEGIOS",2010,0.039478836
6,"TUNJUELITO","BODEGAS",2011,0.028771234
6,"TUNJUELITO","CLINICAS, HOSPITALES, CENTROS MEDICOS",2011,0.003195308
6,"TUNJUELITO","COMERCIO",2011,0.026837922
6,"TUNJUELITO","HOTELES",2011,0.000000000
6,"TUNJUELITO","INDUSTRIA",2011,0.042465093
6,"TUNJUELITO","LOTES",2011,0.000000000
6,"TUNJUELITO","OFICINAS",2011,0.021247879
6,"TUNJUELITO","OTROS",2011,0.064376566
6,"TUNJUELITO","RESIDENCIAL",2011,0.773589928
6,"TUNJUELITO","UNIVERSIDADES Y COLEGIOS",2011,0.039516071
6,"TUNJUELITO","BODEGAS",2012,0.030650886
6,"TUNJUELITO","CLINICAS, HOSPITALES, CENTROS MEDICOS",2012,0.003169817
6,"TUNJUELITO","COMERCIO",2012,0.039702404
6,"TUNJUELITO","HOTELES",2012,0.000000000
6,"TUNJUELITO","INDUSTRIA",2012,0.040425425
6,"TUNJUELITO","LOTES",2012,0.000000000
6,"TUNJUELITO","OFICINAS",2012,0.022682510
6,"TUNJUELITO","OTROS",2012,0.065770637
6,"TUNJUELITO","RESIDENCIAL",2012,0.771920701
6,"TUNJUELITO","UNIVERSIDADES Y COLEGIOS",2012,0.025677619
6,"TUNJUELITO","BODEGAS",2013,0.030224011
6,"TUNJUELITO","CLINICAS, HOSPITALES, CENTROS MEDICOS",2013,0.003112911
6,"TUNJUELITO","COMERCIO",2013,0.038347713
6,"TUNJUELITO","HOTELES",2013,0.000000000
6,"TUNJUELITO","INDUSTRIA",2013,0.039747171
6,"TUNJUELITO","LOTES",2013,0.000000000
6,"TUNJUELITO","OFICINAS",2013,0.022219135
6,"TUNJUELITO","OTROS",2013,0.066781051
6,"TUNJUELITO","RESIDENCIAL",2013,0.773908859
6,"TUNJUELITO","UNIVERSIDADES Y COLEGIOS",2013,0.025659148
6,"TUNJUELITO","BODEGAS",2014,0.030401955
6,"TUNJUELITO","CLINICAS, HOSPITALES, CENTROS MEDICOS",2014,0.003076844
6,"TUNJUELITO","COMERCIO",2014,0.037939838
6,"TUNJUELITO","HOTELES",2014,0.000000000
6,"TUNJUELITO","INDUSTRIA",2014,0.039354828
6,"TUNJUELITO","LOTES",2014,0.000000000
6,"TUNJUELITO","OFICINAS",2014,0.021708934
6,"TUNJUELITO","OTROS",2014,0.066822947
6,"TUNJUELITO","RESIDENCIAL",2014,0.775540479
6,"TUNJUELITO","UNIVERSIDADES Y COLEGIOS",2014,0.025154176
6,"TUNJUELITO","BODEGAS",2015,0.029713945
6,"TUNJUELITO","CLINICAS, HOSPITALES, CENTROS MEDICOS",2015,0.003024999
6,"TUNJUELITO","COMERCIO",2015,0.024471181
6,"TUNJUELITO","HOTELES",2015,0.000000000
6,"TUNJUELITO","INDUSTRIA",2015,0.041872176
6,"TUNJUELITO","LOTES",2015,0.000078124
6,"TUNJUELITO","OFICINAS",2015,0.022059660
6,"TUNJUELITO","OTROS",2015,0.066190870
6,"TUNJUELITO","RESIDENCIAL",2015,0.773604140
6,"TUNJUELITO","UNIVERSIDADES Y COLEGIOS",2015,0.038984903
6,"TUNJUELITO","BODEGAS",2016,0.029219516
6,"TUNJUELITO","CLINICAS, HOSPITALES, CENTROS MEDICOS",2016,0.003016875
6,"TUNJUELITO","COMERCIO",2016,0.024086686
6,"TUNJUELITO","HOTELES",2016,0.000000000
6,"TUNJUELITO","INDUSTRIA",2016,0.041633363
6,"TUNJUELITO","LOTES",2016,0.000000000
6,"TUNJUELITO","OFICINAS",2016,0.021862711
6,"TUNJUELITO","OTROS",2016,0.066393543
6,"TUNJUELITO","RESIDENCIAL",2016,0.774506093
6,"TUNJUELITO","UNIVERSIDADES Y COLEGIOS",2016,0.039281213
6,"TUNJUELITO","BODEGAS",2017,0.029155295
6,"TUNJUELITO","CLINICAS, HOSPITALES, CENTROS MEDICOS",2017,0.003000958
6,"TUNJUELITO","COMERCIO",2017,0.023759736
6,"TUNJUELITO","HOTELES",2017,0.000000000
6,"TUNJUELITO","INDUSTRIA",2017,0.041460988
6,"TUNJUELITO","LOTES",2017,0.000000000
6,"TUNJUELITO","OFICINAS",2017,0.021779838
6,"TUNJUELITO","OTROS",2017,0.066108947
6,"TUNJUELITO","RESIDENCIAL",2017,0.775607642
6,"TUNJUELITO","UNIVERSIDADES Y COLEGIOS",2017,0.039126595
6,"TUNJUELITO","BODEGAS",2018,0.028996339
6,"TUNJUELITO","CLINICAS, HOSPITALES, CENTROS MEDICOS",2018,0.002990466
6,"TUNJUELITO","COMERCIO",2018,0.023985941
6,"TUNJUELITO","HOTELES",2018,0.000000000
6,"TUNJUELITO","INDUSTRIA",2018,0.041540219
6,"TUNJUELITO","LOTES",2018,0.000000000
6,"TUNJUELITO","OFICINAS",2018,0.022124099
6,"TUNJUELITO","OTROS",2018,0.066221854
6,"TUNJUELITO","RESIDENCIAL",2018,0.775195992
6,"TUNJUELITO","UNIVERSIDADES Y COLEGIOS",2018,0.038945091
7,"BOSA","BODEGAS",2010,0.016547935
7,"BOSA","CLINICAS, HOSPITALES, CENTROS MEDICOS",2010,0.000534987
7,"BOSA","COMERCIO",2010,0.019319201
7,"BOSA","HOTELES",2010,0.000000000
7,"BOSA","INDUSTRIA",2010,0.006698973
7,"BOSA","LOTES",2010,0.000028222
7,"BOSA","OFICINAS",2010,0.010006040
7,"BOSA","OTROS",2010,0.020294537
7,"BOSA","RESIDENCIAL",2010,0.900467379
7,"BOSA","UNIVERSIDADES Y COLEGIOS",2010,0.026102725
7,"BOSA","BODEGAS",2011,0.016688892
7,"BOSA","CLINICAS, HOSPITALES, CENTROS MEDICOS",2011,0.000510589
7,"BOSA","COMERCIO",2011,0.019204892
7,"BOSA","HOTELES",2011,0.000060429
7,"BOSA","INDUSTRIA",2011,0.006295461
7,"BOSA","LOTES",2011,0.000026833
7,"BOSA","OFICINAS",2011,0.010879311
7,"BOSA","OTROS",2011,0.021688441
7,"BOSA","RESIDENCIAL",2011,0.897566651
7,"BOSA","UNIVERSIDADES Y COLEGIOS",2011,0.027078501
7,"BOSA","BODEGAS",2012,0.017060047
7,"BOSA","CLINICAS, HOSPITALES, CENTROS MEDICOS",2012,0.000847133
7,"BOSA","COMERCIO",2012,0.018433708
7,"BOSA","HOTELES",2012,0.000057361
7,"BOSA","INDUSTRIA",2012,0.005441287
7,"BOSA","LOTES",2012,0.000021438
7,"BOSA","OFICINAS",2012,0.011160821
7,"BOSA","OTROS",2012,0.021616053
7,"BOSA","RESIDENCIAL",2012,0.898711702
7,"BOSA","UNIVERSIDADES Y COLEGIOS",2012,0.026650450
7,"BOSA","BODEGAS",2013,0.016411946
7,"BOSA","CLINICAS, HOSPITALES, CENTROS MEDICOS",2013,0.000843199
7,"BOSA","COMERCIO",2013,0.017507832
7,"BOSA","HOTELES",2013,0.000054489
7,"BOSA","INDUSTRIA",2013,0.005064144
7,"BOSA","LOTES",2013,0.000020364
7,"BOSA","OFICINAS",2013,0.011045223
7,"BOSA","OTROS",2013,0.021300627
7,"BOSA","RESIDENCIAL",2013,0.901692317
7,"BOSA","UNIVERSIDADES Y COLEGIOS",2013,0.026059859
7,"BOSA","BODEGAS",2014,0.016246094
7,"BOSA","CLINICAS, HOSPITALES, CENTROS MEDICOS",2014,0.000816378
7,"BOSA","COMERCIO",2014,0.017485585
7,"BOSA","HOTELES",2014,0.000052755
7,"BOSA","INDUSTRIA",2014,0.004852663
7,"BOSA","LOTES",2014,0.000019716
7,"BOSA","OFICINAS",2014,0.010848580
7,"BOSA","OTROS",2014,0.020884243
7,"BOSA","RESIDENCIAL",2014,0.902556042
7,"BOSA","UNIVERSIDADES Y COLEGIOS",2014,0.026237942
7,"BOSA","BODEGAS",2015,0.016141959
7,"BOSA","CLINICAS, HOSPITALES, CENTROS MEDICOS",2015,0.000785345
7,"BOSA","COMERCIO",2015,0.018340289
7,"BOSA","HOTELES",2015,0.000050896
7,"BOSA","INDUSTRIA",2015,0.004671565
7,"BOSA","LOTES",2015,0.000000000
7,"BOSA","OFICINAS",2015,0.011136631
7,"BOSA","OTROS",2015,0.020708325
7,"BOSA","RESIDENCIAL",2015,0.901728703
7,"BOSA","UNIVERSIDADES Y COLEGIOS",2015,0.026436288
7,"BOSA","BODEGAS",2016,0.015731484
7,"BOSA","CLINICAS, HOSPITALES, CENTROS MEDICOS",2016,0.000759049
7,"BOSA","COMERCIO",2016,0.018022919
7,"BOSA","HOTELES",2016,0.000049192
7,"BOSA","INDUSTRIA",2016,0.004322399
7,"BOSA","LOTES",2016,0.000000000
7,"BOSA","OFICINAS",2016,0.011040774
7,"BOSA","OTROS",2016,0.020115706
7,"BOSA","RESIDENCIAL",2016,0.903536211
7,"BOSA","UNIVERSIDADES Y COLEGIOS",2016,0.026422267
7,"BOSA","BODEGAS",2017,0.015658401
7,"BOSA","CLINICAS, HOSPITALES, CENTROS MEDICOS",2017,0.000737969
7,"BOSA","COMERCIO",2017,0.017886054
7,"BOSA","HOTELES",2017,0.000047826
7,"BOSA","INDUSTRIA",2017,0.004451132
7,"BOSA","LOTES",2017,0.000000000
7,"BOSA","OFICINAS",2017,0.010967835
7,"BOSA","OTROS",2017,0.020009483
7,"BOSA","RESIDENCIAL",2017,0.903079401
7,"BOSA","UNIVERSIDADES Y COLEGIOS",2017,0.027161898
7,"BOSA","BODEGAS",2018,0.015616667
7,"BOSA","CLINICAS, HOSPITALES, CENTROS MEDICOS",2018,0.000716396
7,"BOSA","COMERCIO",2018,0.017198519
7,"BOSA","HOTELES",2018,0.000046427
7,"BOSA","INDUSTRIA",2018,0.004256916
7,"BOSA","LOTES",2018,0.000000000
7,"BOSA","OFICINAS",2018,0.010749232
7,"BOSA","OTROS",2018,0.019583129
7,"BOSA","RESIDENCIAL",2018,0.905517419
7,"BOSA","UNIVERSIDADES Y COLEGIOS",2018,0.026315296
8,"KENNEDY","BODEGAS",2010,0.053347042
8,"KENNEDY","CLINICAS, HOSPITALES, CENTROS MEDICOS",2010,0.002624149
8,"KENNEDY","COMERCIO",2010,0.027037119
8,"KENNEDY","HOTELES",2010,0.000092481
8,"KENNEDY","INDUSTRIA",2010,0.021735284
8,"KENNEDY","LOTES",2010,0.000000000
8,"KENNEDY","OFICINAS",2010,0.015890313
8,"KENNEDY","OTROS",2010,0.034542118
8,"KENNEDY","RESIDENCIAL",2010,0.829742343
8,"KENNEDY","UNIVERSIDADES Y COLEGIOS",2010,0.014989153
8,"KENNEDY","BODEGAS",2011,0.051883893
8,"KENNEDY","CLINICAS, HOSPITALES, CENTROS MEDICOS",2011,0.002526980
8,"KENNEDY","COMERCIO",2011,0.026933915
8,"KENNEDY","HOTELES",2011,0.000092405
8,"KENNEDY","INDUSTRIA",2011,0.021462383
8,"KENNEDY","LOTES",2011,0.000003385
8,"KENNEDY","OFICINAS",2011,0.016341691
8,"KENNEDY","OTROS",2011,0.035540606
8,"KENNEDY","RESIDENCIAL",2011,0.829860998
8,"KENNEDY","UNIVERSIDADES Y COLEGIOS",2011,0.015353745
8,"KENNEDY","BODEGAS",2012,0.050891184
8,"KENNEDY","CLINICAS, HOSPITALES, CENTROS MEDICOS",2012,0.002357034
8,"KENNEDY","COMERCIO",2012,0.027137763
8,"KENNEDY","HOTELES",2012,0.000098252
8,"KENNEDY","INDUSTRIA",2012,0.015768903
8,"KENNEDY","LOTES",2012,0.000000000
8,"KENNEDY","OFICINAS",2012,0.016587592
8,"KENNEDY","OTROS",2012,0.041080068
8,"KENNEDY","RESIDENCIAL",2012,0.830583178
8,"KENNEDY","UNIVERSIDADES Y COLEGIOS",2012,0.015496027
8,"KENNEDY","BODEGAS",2013,0.049984322
8,"KENNEDY","CLINICAS, HOSPITALES, CENTROS MEDICOS",2013,0.002236690
8,"KENNEDY","COMERCIO",2013,0.026682031
8,"KENNEDY","HOTELES",2013,0.000114597
8,"KENNEDY","INDUSTRIA",2013,0.015336070
8,"KENNEDY","LOTES",2013,0.000000000
8,"KENNEDY","OFICINAS",2013,0.016235745
8,"KENNEDY","OTROS",2013,0.040822047
8,"KENNEDY","RESIDENCIAL",2013,0.833259769
8,"KENNEDY","UNIVERSIDADES Y COLEGIOS",2013,0.015328730
8,"KENNEDY","BODEGAS",2014,0.049360060
8,"KENNEDY","CLINICAS, HOSPITALES, CENTROS MEDICOS",2014,0.002346962
8,"KENNEDY","COMERCIO",2014,0.026593922
8,"KENNEDY","HOTELES",2014,0.000112031
8,"KENNEDY","INDUSTRIA",2014,0.014658594
8,"KENNEDY","LOTES",2014,0.000000000
8,"KENNEDY","OFICINAS",2014,0.017097628
8,"KENNEDY","OTROS",2014,0.040783354
8,"KENNEDY","RESIDENCIAL",2014,0.834061627
8,"KENNEDY","UNIVERSIDADES Y COLEGIOS",2014,0.014985823
8,"KENNEDY","BODEGAS",2015,0.050604801
8,"KENNEDY","CLINICAS, HOSPITALES, CENTROS MEDICOS",2015,0.002412904
8,"KENNEDY","COMERCIO",2015,0.025283124
8,"KENNEDY","HOTELES",2015,0.000174215
8,"KENNEDY","INDUSTRIA",2015,0.014347268
8,"KENNEDY","LOTES",2015,0.000000000
8,"KENNEDY","OFICINAS",2015,0.017116616
8,"KENNEDY","OTROS",2015,0.041279547
8,"KENNEDY","RESIDENCIAL",2015,0.833492387
8,"KENNEDY","UNIVERSIDADES Y COLEGIOS",2015,0.015289139
8,"KENNEDY","BODEGAS",2016,0.049971431
8,"KENNEDY","CLINICAS, HOSPITALES, CENTROS MEDICOS",2016,0.002353945
8,"KENNEDY","COMERCIO",2016,0.024858816
8,"KENNEDY","HOTELES",2016,0.000213326
8,"KENNEDY","INDUSTRIA",2016,0.013979968
8,"KENNEDY","LOTES",2016,0.000000000
8,"KENNEDY","OFICINAS",2016,0.016443457
8,"KENNEDY","OTROS",2016,0.040915189
8,"KENNEDY","RESIDENCIAL",2016,0.836283113
8,"KENNEDY","UNIVERSIDADES Y COLEGIOS",2016,0.014980755
8,"KENNEDY","BODEGAS",2017,0.049417506
8,"KENNEDY","CLINICAS, HOSPITALES, CENTROS MEDICOS",2017,0.002565024
8,"KENNEDY","COMERCIO",2017,0.024692858
8,"KENNEDY","HOTELES",2017,0.000210550
8,"KENNEDY","INDUSTRIA",2017,0.013737537
8,"KENNEDY","LOTES",2017,0.000000000
8,"KENNEDY","OFICINAS",2017,0.016428843
8,"KENNEDY","OTROS",2017,0.041111100
8,"KENNEDY","RESIDENCIAL",2017,0.836511183
8,"KENNEDY","UNIVERSIDADES Y COLEGIOS",2017,0.015325400
8,"KENNEDY","BODEGAS",2018,0.050076440
8,"KENNEDY","CLINICAS, HOSPITALES, CENTROS MEDICOS",2018,0.002815940
8,"KENNEDY","COMERCIO",2018,0.024366877
8,"KENNEDY","HOTELES",2018,0.000207035
8,"KENNEDY","INDUSTRIA",2018,0.013520611
8,"KENNEDY","LOTES",2018,0.000000000
8,"KENNEDY","OFICINAS",2018,0.016166360
8,"KENNEDY","OTROS",2018,0.039971190
8,"KENNEDY","RESIDENCIAL",2018,0.836229192
8,"KENNEDY","UNIVERSIDADES Y COLEGIOS",2018,0.016646355
9,"FONTIBÓN","BODEGAS",2010,0.161604815
9,"FONTIBÓN","CLINICAS, HOSPITALES, CENTROS MEDICOS",2010,0.000321372
9,"FONTIBÓN","COMERCIO",2010,0.030085601
9,"FONTIBÓN","HOTELES",2010,0.002783743
9,"FONTIBÓN","INDUSTRIA",2010,0.070513159
9,"FONTIBÓN","LOTES",2010,0.000000000
9,"FONTIBÓN","OFICINAS",2010,0.075927559
9,"FONTIBÓN","OTROS",2010,0.035055386
9,"FONTIBÓN","RESIDENCIAL",2010,0.610647562
9,"FONTIBÓN","UNIVERSIDADES Y COLEGIOS",2010,0.013060803
9,"FONTIBÓN","BODEGAS",2011,0.165290954
9,"FONTIBÓN","CLINICAS, HOSPITALES, CENTROS MEDICOS",2011,0.000309209
9,"FONTIBÓN","COMERCIO",2011,0.030019694
9,"FONTIBÓN","HOTELES",2011,0.003774293
9,"FONTIBÓN","INDUSTRIA",2011,0.067363947
9,"FONTIBÓN","LOTES",2011,0.000000000
9,"FONTIBÓN","OFICINAS",2011,0.082382981
9,"FONTIBÓN","OTROS",2011,0.034008659
9,"FONTIBÓN","RESIDENCIAL",2011,0.604006568
9,"FONTIBÓN","UNIVERSIDADES Y COLEGIOS",2011,0.012843694
9,"FONTIBÓN","BODEGAS",2012,0.164774791
9,"FONTIBÓN","CLINICAS, HOSPITALES, CENTROS MEDICOS",2012,0.000305428
9,"FONTIBÓN","COMERCIO",2012,0.029545758
9,"FONTIBÓN","HOTELES",2012,0.004660054
9,"FONTIBÓN","INDUSTRIA",2012,0.066702649
9,"FONTIBÓN","LOTES",2012,0.000000000
9,"FONTIBÓN","OFICINAS",2012,0.081674232
9,"FONTIBÓN","OTROS",2012,0.034512417
9,"FONTIBÓN","RESIDENCIAL",2012,0.605403429
9,"FONTIBÓN","UNIVERSIDADES Y COLEGIOS",2012,0.012421242
9,"FONTIBÓN","BODEGAS",2013,0.160568731
9,"FONTIBÓN","CLINICAS, HOSPITALES, CENTROS MEDICOS",2013,0.000294916
9,"FONTIBÓN","COMERCIO",2013,0.029591257
9,"FONTIBÓN","HOTELES",2013,0.004402893
9,"FONTIBÓN","INDUSTRIA",2013,0.065774018
9,"FONTIBÓN","LOTES",2013,0.000000000
9,"FONTIBÓN","OFICINAS",2013,0.079861547
9,"FONTIBÓN","OTROS",2013,0.040921445
9,"FONTIBÓN","RESIDENCIAL",2013,0.606517803
9,"FONTIBÓN","UNIVERSIDADES Y COLEGIOS",2013,0.012067391
9,"FONTIBÓN","BODEGAS",2014,0.127491948
9,"FONTIBÓN","CLINICAS, HOSPITALES, CENTROS MEDICOS",2014,0.000231757
9,"FONTIBÓN","COMERCIO",2014,0.022887933
9,"FONTIBÓN","HOTELES",2014,0.004147685
9,"FONTIBÓN","INDUSTRIA",2014,0.052102797
9,"FONTIBÓN","LOTES",2014,0.000000000
9,"FONTIBÓN","OFICINAS",2014,0.030486668
9,"FONTIBÓN","OTROS",2014,0.263595021
9,"FONTIBÓN","RESIDENCIAL",2014,0.489718286
9,"FONTIBÓN","UNIVERSIDADES Y COLEGIOS",2014,0.009337906
9,"FONTIBÓN","BODEGAS",2015,0.127259520
9,"FONTIBÓN","CLINICAS, HOSPITALES, CENTROS MEDICOS",2015,0.000229648
9,"FONTIBÓN","COMERCIO",2015,0.022466161
9,"FONTIBÓN","HOTELES",2015,0.004174054
9,"FONTIBÓN","INDUSTRIA",2015,0.051356404
9,"FONTIBÓN","LOTES",2015,0.000000000
9,"FONTIBÓN","OFICINAS",2015,0.031627517
9,"FONTIBÓN","OTROS",2015,0.257295851
9,"FONTIBÓN","RESIDENCIAL",2015,0.496267986
9,"FONTIBÓN","UNIVERSIDADES Y COLEGIOS",2015,0.009322859
9,"FONTIBÓN","BODEGAS",2016,0.125858128
9,"FONTIBÓN","CLINICAS, HOSPITALES, CENTROS MEDICOS",2016,0.000225129
9,"FONTIBÓN","COMERCIO",2016,0.022242896
9,"FONTIBÓN","HOTELES",2016,0.005963908
9,"FONTIBÓN","INDUSTRIA",2016,0.050531567
9,"FONTIBÓN","LOTES",2016,0.000832247
9,"FONTIBÓN","OFICINAS",2016,0.040806509
9,"FONTIBÓN","OTROS",2016,0.250830815
9,"FONTIBÓN","RESIDENCIAL",2016,0.493555220
9,"FONTIBÓN","UNIVERSIDADES Y COLEGIOS",2016,0.009153580
9,"FONTIBÓN","BODEGAS",2017,0.123714064
9,"FONTIBÓN","CLINICAS, HOSPITALES, CENTROS MEDICOS",2017,0.000222667
9,"FONTIBÓN","COMERCIO",2017,0.021618941
9,"FONTIBÓN","HOTELES",2017,0.006188521
9,"FONTIBÓN","INDUSTRIA",2017,0.049632395
9,"FONTIBÓN","LOTES",2017,0.000000000
9,"FONTIBÓN","OFICINAS",2017,0.041610413
9,"FONTIBÓN","OTROS",2017,0.254111341
9,"FONTIBÓN","RESIDENCIAL",2017,0.493763405
9,"FONTIBÓN","UNIVERSIDADES Y COLEGIOS",2017,0.009138251
9,"FONTIBÓN","BODEGAS",2018,0.123299563
9,"FONTIBÓN","CLINICAS, HOSPITALES, CENTROS MEDICOS",2018,0.000219707
9,"FONTIBÓN","COMERCIO",2018,0.021788075
9,"FONTIBÓN","HOTELES",2018,0.007482499
9,"FONTIBÓN","INDUSTRIA",2018,0.049105480
9,"FONTIBÓN","LOTES",2018,0.000000000
9,"FONTIBÓN","OFICINAS",2018,0.041807196
9,"FONTIBÓN","OTROS",2018,0.251521656
9,"FONTIBÓN","RESIDENCIAL",2018,0.495786349
9,"FONTIBÓN","UNIVERSIDADES Y COLEGIOS",2018,0.008989474
10,"ENGATIVA","BODEGAS",2010,0.057969111
10,"ENGATIVA","CLINICAS, HOSPITALES, CENTROS MEDICOS",2010,0.001476646
10,"ENGATIVA","COMERCIO",2010,0.026948688
10,"ENGATIVA","HOTELES",2010,0.000781643
10,"ENGATIVA","INDUSTRIA",2010,0.010976068
10,"ENGATIVA","LOTES",2010,0.000000000
10,"ENGATIVA","OFICINAS",2010,0.024147503
10,"ENGATIVA","OTROS",2010,0.027613337
10,"ENGATIVA","RESIDENCIAL",2010,0.832099412
10,"ENGATIVA","UNIVERSIDADES Y COLEGIOS",2010,0.017987592
10,"ENGATIVA","BODEGAS",2011,0.057390315
10,"ENGATIVA","CLINICAS, HOSPITALES, CENTROS MEDICOS",2011,0.001450191
10,"ENGATIVA","COMERCIO",2011,0.026829374
10,"ENGATIVA","HOTELES",2011,0.000837506
10,"ENGATIVA","INDUSTRIA",2011,0.010562568
10,"ENGATIVA","LOTES",2011,0.000000000
10,"ENGATIVA","OFICINAS",2011,0.025778791
10,"ENGATIVA","OTROS",2011,0.029814783
10,"ENGATIVA","RESIDENCIAL",2011,0.828643969
10,"ENGATIVA","UNIVERSIDADES Y COLEGIOS",2011,0.018692504
10,"ENGATIVA","BODEGAS",2012,0.057384367
10,"ENGATIVA","CLINICAS, HOSPITALES, CENTROS MEDICOS",2012,0.001396838
10,"ENGATIVA","COMERCIO",2012,0.026787749
10,"ENGATIVA","HOTELES",2012,0.000907570
10,"ENGATIVA","INDUSTRIA",2012,0.010167761
10,"ENGATIVA","LOTES",2012,0.000000000
10,"ENGATIVA","OFICINAS",2012,0.026445810
10,"ENGATIVA","OTROS",2012,0.030205315
10,"ENGATIVA","RESIDENCIAL",2012,0.827879440
10,"ENGATIVA","UNIVERSIDADES Y COLEGIOS",2012,0.018825150
10,"ENGATIVA","BODEGAS",2013,0.056825093
10,"ENGATIVA","CLINICAS, HOSPITALES, CENTROS MEDICOS",2013,0.001326768
10,"ENGATIVA","COMERCIO",2013,0.026448438
10,"ENGATIVA","HOTELES",2013,0.000915794
10,"ENGATIVA","INDUSTRIA",2013,0.010143508
10,"ENGATIVA","LOTES",2013,0.000000000
10,"ENGATIVA","OFICINAS",2013,0.028396981
10,"ENGATIVA","OTROS",2013,0.030408451
10,"ENGATIVA","RESIDENCIAL",2013,0.826660669
10,"ENGATIVA","UNIVERSIDADES Y COLEGIOS",2013,0.018874297
10,"ENGATIVA","BODEGAS",2014,0.055063796
10,"ENGATIVA","CLINICAS, HOSPITALES, CENTROS MEDICOS",2014,0.001295582
10,"ENGATIVA","COMERCIO",2014,0.026106616
10,"ENGATIVA","HOTELES",2014,0.001254938
10,"ENGATIVA","INDUSTRIA",2014,0.010471624
10,"ENGATIVA","LOTES",2014,0.000000000
10,"ENGATIVA","OFICINAS",2014,0.030791268
10,"ENGATIVA","OTROS",2014,0.031516425
10,"ENGATIVA","RESIDENCIAL",2014,0.824234835
10,"ENGATIVA","UNIVERSIDADES Y COLEGIOS",2014,0.019264915
10,"ENGATIVA","BODEGAS",2015,0.053983832
10,"ENGATIVA","CLINICAS, HOSPITALES, CENTROS MEDICOS",2015,0.001299798
10,"ENGATIVA","COMERCIO",2015,0.025105014
10,"ENGATIVA","HOTELES",2015,0.001228370
10,"ENGATIVA","INDUSTRIA",2015,0.010186119
10,"ENGATIVA","LOTES",2015,0.000000000
10,"ENGATIVA","OFICINAS",2015,0.032834171
10,"ENGATIVA","OTROS",2015,0.032098779
10,"ENGATIVA","RESIDENCIAL",2015,0.823991540
10,"ENGATIVA","UNIVERSIDADES Y COLEGIOS",2015,0.019272377
10,"ENGATIVA","BODEGAS",2016,0.053710125
10,"ENGATIVA","CLINICAS, HOSPITALES, CENTROS MEDICOS",2016,0.001286354
10,"ENGATIVA","COMERCIO",2016,0.024875996
10,"ENGATIVA","HOTELES",2016,0.001293398
10,"ENGATIVA","INDUSTRIA",2016,0.010101641
10,"ENGATIVA","LOTES",2016,0.000000000
10,"ENGATIVA","OFICINAS",2016,0.032781804
10,"ENGATIVA","OTROS",2016,0.031854006
10,"ENGATIVA","RESIDENCIAL",2016,0.825093161
10,"ENGATIVA","UNIVERSIDADES Y COLEGIOS",2016,0.019003515
10,"ENGATIVA","BODEGAS",2017,0.053923255
10,"ENGATIVA","CLINICAS, HOSPITALES, CENTROS MEDICOS",2017,0.001322172
10,"ENGATIVA","COMERCIO",2017,0.024737965
10,"ENGATIVA","HOTELES",2017,0.001313050
10,"ENGATIVA","INDUSTRIA",2017,0.009980708
10,"ENGATIVA","LOTES",2017,0.000000000
10,"ENGATIVA","OFICINAS",2017,0.031647838
10,"ENGATIVA","OTROS",2017,0.031590023
10,"ENGATIVA","RESIDENCIAL",2017,0.826620375
10,"ENGATIVA","UNIVERSIDADES Y COLEGIOS",2017,0.018864615
10,"ENGATIVA","BODEGAS",2018,0.053464549
10,"ENGATIVA","CLINICAS, HOSPITALES, CENTROS MEDICOS",2018,0.001301837
10,"ENGATIVA","COMERCIO",2018,0.024265920
10,"ENGATIVA","HOTELES",2018,0.001349863
10,"ENGATIVA","INDUSTRIA",2018,0.009598216
10,"ENGATIVA","LOTES",2018,0.000000000
10,"ENGATIVA","OFICINAS",2018,0.033875184
10,"ENGATIVA","OTROS",2018,0.031009176
10,"ENGATIVA","RESIDENCIAL",2018,0.826568114
10,"ENGATIVA","UNIVERSIDADES Y COLEGIOS",2018,0.018567140
11,"SUBA","BODEGAS",2010,0.027987418
11,"SUBA","CLINICAS, HOSPITALES, CENTROS MEDICOS",2010,0.002792897
11,"SUBA","COMERCIO",2010,0.027550121
11,"SUBA","HOTELES",2010,0.000064744
11,"SUBA","INDUSTRIA",2010,0.003522180
11,"SUBA","LOTES",2010,0.000213389
11,"SUBA","OFICINAS",2010,0.023702641
11,"SUBA","OTROS",2010,0.031017877
11,"SUBA","RESIDENCIAL",2010,0.852930744
11,"SUBA","UNIVERSIDADES Y COLEGIOS",2010,0.030217991
11,"SUBA","BODEGAS",2011,0.026815030
11,"SUBA","CLINICAS, HOSPITALES, CENTROS MEDICOS",2011,0.002669675
11,"SUBA","COMERCIO",2011,0.026874305
11,"SUBA","HOTELES",2011,0.000090333
11,"SUBA","INDUSTRIA",2011,0.002980593
11,"SUBA","LOTES",2011,0.000217144
11,"SUBA","OFICINAS",2011,0.028015428
11,"SUBA","OTROS",2011,0.030924864
11,"SUBA","RESIDENCIAL",2011,0.850857137
11,"SUBA","UNIVERSIDADES Y COLEGIOS",2011,0.030555491
11,"SUBA","BODEGAS",2012,0.026765492
11,"SUBA","CLINICAS, HOSPITALES, CENTROS MEDICOS",2012,0.002966260
11,"SUBA","COMERCIO",2012,0.031635708
11,"SUBA","HOTELES",2012,0.000087306
11,"SUBA","INDUSTRIA",2012,0.002460396
11,"SUBA","LOTES",2012,0.000194318
11,"SUBA","OFICINAS",2012,0.027586192
11,"SUBA","OTROS",2012,0.028996847
11,"SUBA","RESIDENCIAL",2012,0.848306675
11,"SUBA","UNIVERSIDADES Y COLEGIOS",2012,0.031000807
11,"SUBA","BODEGAS",2013,0.026278235
11,"SUBA","CLINICAS, HOSPITALES, CENTROS MEDICOS",2013,0.002883006
11,"SUBA","COMERCIO",2013,0.027566008
11,"SUBA","HOTELES",2013,0.000085102
11,"SUBA","INDUSTRIA",2013,0.002330579
11,"SUBA","LOTES",2013,0.000189413
11,"SUBA","OFICINAS",2013,0.027802360
11,"SUBA","OTROS",2013,0.028685157
11,"SUBA","RESIDENCIAL",2013,0.853803773
11,"SUBA","UNIVERSIDADES Y COLEGIOS",2013,0.030376367
11,"SUBA","BODEGAS",2014,0.025356787
11,"SUBA","CLINICAS, HOSPITALES, CENTROS MEDICOS",2014,0.002800505
11,"SUBA","COMERCIO",2014,0.027510533
11,"SUBA","HOTELES",2014,0.000082667
11,"SUBA","INDUSTRIA",2014,0.002236856
11,"SUBA","LOTES",2014,0.000190502
11,"SUBA","OFICINAS",2014,0.028060388
11,"SUBA","OTROS",2014,0.029125691
11,"SUBA","RESIDENCIAL",2014,0.854423566
11,"SUBA","UNIVERSIDADES Y COLEGIOS",2014,0.030212505
11,"SUBA","BODEGAS",2015,0.026976875
11,"SUBA","CLINICAS, HOSPITALES, CENTROS MEDICOS",2015,0.002509522
11,"SUBA","COMERCIO",2015,0.026612661
11,"SUBA","HOTELES",2015,0.000083966
11,"SUBA","INDUSTRIA",2015,0.001836458
11,"SUBA","LOTES",2015,0.000159293
11,"SUBA","OFICINAS",2015,0.029138941
11,"SUBA","OTROS",2015,0.032676470
11,"SUBA","RESIDENCIAL",2015,0.847138790
11,"SUBA","UNIVERSIDADES Y COLEGIOS",2015,0.032867023
11,"SUBA","BODEGAS",2016,0.026276691
11,"SUBA","CLINICAS, HOSPITALES, CENTROS MEDICOS",2016,0.002475104
11,"SUBA","COMERCIO",2016,0.026545578
11,"SUBA","HOTELES",2016,0.000082814
11,"SUBA","INDUSTRIA",2016,0.001823604
11,"SUBA","LOTES",2016,0.000157109
11,"SUBA","OFICINAS",2016,0.030029182
11,"SUBA","OTROS",2016,0.034299800
11,"SUBA","RESIDENCIAL",2016,0.845753902
11,"SUBA","UNIVERSIDADES Y COLEGIOS",2016,0.032556217
11,"SUBA","BODEGAS",2017,0.025959989
11,"SUBA","CLINICAS, HOSPITALES, CENTROS MEDICOS",2017,0.002395740
11,"SUBA","COMERCIO",2017,0.029780138
11,"SUBA","HOTELES",2017,0.000080159
11,"SUBA","INDUSTRIA",2017,0.001767234
11,"SUBA","LOTES",2017,0.000001106
11,"SUBA","OFICINAS",2017,0.030872813
11,"SUBA","OTROS",2017,0.031518864
11,"SUBA","RESIDENCIAL",2017,0.846092215
11,"SUBA","UNIVERSIDADES Y COLEGIOS",2017,0.031531743
11,"SUBA","BODEGAS",2018,0.026181438
11,"SUBA","CLINICAS, HOSPITALES, CENTROS MEDICOS",2018,0.002368712
11,"SUBA","COMERCIO",2018,0.029704518
11,"SUBA","HOTELES",2018,0.000079254
11,"SUBA","INDUSTRIA",2018,0.001642661
11,"SUBA","LOTES",2018,0.000000000
11,"SUBA","OFICINAS",2018,0.030883891
11,"SUBA","OTROS",2018,0.031335708
11,"SUBA","RESIDENCIAL",2018,0.846510588
11,"SUBA","UNIVERSIDADES Y COLEGIOS",2018,0.031293229
12,"BARRIOS UNIDOS","BODEGAS",2010,0.085246294
12,"BARRIOS UNIDOS","CLINICAS, HOSPITALES, CENTROS MEDICOS",2010,0.006206581
12,"BARRIOS UNIDOS","COMERCIO",2010,0.065575938
12,"BARRIOS UNIDOS","HOTELES",2010,0.002721077
12,"BARRIOS UNIDOS","INDUSTRIA",2010,0.005770365
12,"BARRIOS UNIDOS","LOTES",2010,0.000000000
12,"BARRIOS UNIDOS","OFICINAS",2010,0.097100239
12,"BARRIOS UNIDOS","OTROS",2010,0.098372134
12,"BARRIOS UNIDOS","RESIDENCIAL",2010,0.618504997
12,"BARRIOS UNIDOS","UNIVERSIDADES Y COLEGIOS",2010,0.020502376
12,"BARRIOS UNIDOS","BODEGAS",2011,0.085969347
12,"BARRIOS UNIDOS","CLINICAS, HOSPITALES, CENTROS MEDICOS",2011,0.006098026
12,"BARRIOS UNIDOS","COMERCIO",2011,0.066081491
12,"BARRIOS UNIDOS","HOTELES",2011,0.002755025
12,"BARRIOS UNIDOS","INDUSTRIA",2011,0.005302327
12,"BARRIOS UNIDOS","LOTES",2011,0.000000000
12,"BARRIOS UNIDOS","OFICINAS",2011,0.104009125
12,"BARRIOS UNIDOS","OTROS",2011,0.100926075
12,"BARRIOS UNIDOS","RESIDENCIAL",2011,0.608416130
12,"BARRIOS UNIDOS","UNIVERSIDADES Y COLEGIOS",2011,0.020442452
12,"BARRIOS UNIDOS","BODEGAS",2012,0.084859157
12,"BARRIOS UNIDOS","CLINICAS, HOSPITALES, CENTROS MEDICOS",2012,0.006465324
12,"BARRIOS UNIDOS","COMERCIO",2012,0.067724477
12,"BARRIOS UNIDOS","HOTELES",2012,0.001178501
12,"BARRIOS UNIDOS","INDUSTRIA",2012,0.005135152
12,"BARRIOS UNIDOS","LOTES",2012,0.000000000
12,"BARRIOS UNIDOS","OFICINAS",2012,0.106166609
12,"BARRIOS UNIDOS","OTROS",2012,0.104435828
12,"BARRIOS UNIDOS","RESIDENCIAL",2012,0.603188473
12,"BARRIOS UNIDOS","UNIVERSIDADES Y COLEGIOS",2012,0.020846478
12,"BARRIOS UNIDOS","BODEGAS",2013,0.086108022
12,"BARRIOS UNIDOS","CLINICAS, HOSPITALES, CENTROS MEDICOS",2013,0.007375127
12,"BARRIOS UNIDOS","COMERCIO",2013,0.068891941
12,"BARRIOS UNIDOS","HOTELES",2013,0.001412454
12,"BARRIOS UNIDOS","INDUSTRIA",2013,0.005107873
12,"BARRIOS UNIDOS","LOTES",2013,0.000000000
12,"BARRIOS UNIDOS","OFICINAS",2013,0.110683823
12,"BARRIOS UNIDOS","OTROS",2013,0.107300255
12,"BARRIOS UNIDOS","RESIDENCIAL",2013,0.591425453
12,"BARRIOS UNIDOS","UNIVERSIDADES Y COLEGIOS",2013,0.021695052
12,"BARRIOS UNIDOS","BODEGAS",2014,0.085131081
12,"BARRIOS UNIDOS","CLINICAS, HOSPITALES, CENTROS MEDICOS",2014,0.007521858
12,"BARRIOS UNIDOS","COMERCIO",2014,0.066276853
12,"BARRIOS UNIDOS","HOTELES",2014,0.001580919
12,"BARRIOS UNIDOS","INDUSTRIA",2014,0.004535619
12,"BARRIOS UNIDOS","LOTES",2014,0.000012252
12,"BARRIOS UNIDOS","OFICINAS",2014,0.113559008
12,"BARRIOS UNIDOS","OTROS",2014,0.112514205
12,"BARRIOS UNIDOS","RESIDENCIAL",2014,0.584893484
12,"BARRIOS UNIDOS","UNIVERSIDADES Y COLEGIOS",2014,0.023974720
12,"BARRIOS UNIDOS","BODEGAS",2015,0.084269748
12,"BARRIOS UNIDOS","CLINICAS, HOSPITALES, CENTROS MEDICOS",2015,0.007291533
12,"BARRIOS UNIDOS","COMERCIO",2015,0.064968992
12,"BARRIOS UNIDOS","HOTELES",2015,0.001585899
12,"BARRIOS UNIDOS","INDUSTRIA",2015,0.004423207
12,"BARRIOS UNIDOS","LOTES",2015,0.000000000
12,"BARRIOS UNIDOS","OFICINAS",2015,0.120026908
12,"BARRIOS UNIDOS","OTROS",2015,0.112910560
12,"BARRIOS UNIDOS","RESIDENCIAL",2015,0.580119444
12,"BARRIOS UNIDOS","UNIVERSIDADES Y COLEGIOS",2015,0.024403710
12,"BARRIOS UNIDOS","BODEGAS",2016,0.083816488
12,"BARRIOS UNIDOS","CLINICAS, HOSPITALES, CENTROS MEDICOS",2016,0.007279451
12,"BARRIOS UNIDOS","COMERCIO",2016,0.064896636
12,"BARRIOS UNIDOS","HOTELES",2016,0.001579213
12,"BARRIOS UNIDOS","INDUSTRIA",2016,0.004410060
12,"BARRIOS UNIDOS","LOTES",2016,0.000000000
12,"BARRIOS UNIDOS","OFICINAS",2016,0.119684399
12,"BARRIOS UNIDOS","OTROS",2016,0.112504177
12,"BARRIOS UNIDOS","RESIDENCIAL",2016,0.581495789
12,"BARRIOS UNIDOS","UNIVERSIDADES Y COLEGIOS",2016,0.024333788
12,"BARRIOS UNIDOS","BODEGAS",2017,0.085246402
12,"BARRIOS UNIDOS","CLINICAS, HOSPITALES, CENTROS MEDICOS",2017,0.007236331
12,"BARRIOS UNIDOS","COMERCIO",2017,0.062882246
12,"BARRIOS UNIDOS","HOTELES",2017,0.001569858
12,"BARRIOS UNIDOS","INDUSTRIA",2017,0.004286505
12,"BARRIOS UNIDOS","LOTES",2017,0.000000000
12,"BARRIOS UNIDOS","OFICINAS",2017,0.120831893
12,"BARRIOS UNIDOS","OTROS",2017,0.111511667
12,"BARRIOS UNIDOS","RESIDENCIAL",2017,0.582245452
12,"BARRIOS UNIDOS","UNIVERSIDADES Y COLEGIOS",2017,0.024189646
12,"BARRIOS UNIDOS","BODEGAS",2018,0.084036851
12,"BARRIOS UNIDOS","CLINICAS, HOSPITALES, CENTROS MEDICOS",2018,0.007122415
12,"BARRIOS UNIDOS","COMERCIO",2018,0.080093407
12,"BARRIOS UNIDOS","HOTELES",2018,0.003269263
12,"BARRIOS UNIDOS","INDUSTRIA",2018,0.004157595
12,"BARRIOS UNIDOS","LOTES",2018,0.000000000
12,"BARRIOS UNIDOS","OFICINAS",2018,0.124225031
12,"BARRIOS UNIDOS","OTROS",2018,0.096373512
12,"BARRIOS UNIDOS","RESIDENCIAL",2018,0.576899698
12,"BARRIOS UNIDOS","UNIVERSIDADES Y COLEGIOS",2018,0.023822227
13,"TEUSAQUILLO","BODEGAS",2010,0.022549924
13,"TEUSAQUILLO","CLINICAS, HOSPITALES, CENTROS MEDICOS",2010,0.011481574
13,"TEUSAQUILLO","COMERCIO",2010,0.045183415
13,"TEUSAQUILLO","HOTELES",2010,0.004335922
13,"TEUSAQUILLO","INDUSTRIA",2010,0.004823253
13,"TEUSAQUILLO","LOTES",2010,0.000030175
13,"TEUSAQUILLO","OFICINAS",2010,0.187418606
13,"TEUSAQUILLO","OTROS",2010,0.024596336
13,"TEUSAQUILLO","RESIDENCIAL",2010,0.630525867
13,"TEUSAQUILLO","UNIVERSIDADES Y COLEGIOS",2010,0.069054927
13,"TEUSAQUILLO","BODEGAS",2011,0.023767734
13,"TEUSAQUILLO","CLINICAS, HOSPITALES, CENTROS MEDICOS",2011,0.011267729
13,"TEUSAQUILLO","COMERCIO",2011,0.045704884
13,"TEUSAQUILLO","HOTELES",2011,0.012592046
13,"TEUSAQUILLO","INDUSTRIA",2011,0.004267827
13,"TEUSAQUILLO","LOTES",2011,0.000000000
13,"TEUSAQUILLO","OFICINAS",2011,0.195604929
13,"TEUSAQUILLO","OTROS",2011,0.024811771
13,"TEUSAQUILLO","RESIDENCIAL",2011,0.614383489
13,"TEUSAQUILLO","UNIVERSIDADES Y COLEGIOS",2011,0.067599591
13,"TEUSAQUILLO","BODEGAS",2012,0.023513092
13,"TEUSAQUILLO","CLINICAS, HOSPITALES, CENTROS MEDICOS",2012,0.011139750
13,"TEUSAQUILLO","COMERCIO",2012,0.047372718
13,"TEUSAQUILLO","HOTELES",2012,0.015178609
13,"TEUSAQUILLO","INDUSTRIA",2012,0.003955333
13,"TEUSAQUILLO","LOTES",2012,0.000000000
13,"TEUSAQUILLO","OFICINAS",2012,0.204647946
13,"TEUSAQUILLO","OTROS",2012,0.022559765
13,"TEUSAQUILLO","RESIDENCIAL",2012,0.605866988
13,"TEUSAQUILLO","UNIVERSIDADES Y COLEGIOS",2012,0.065765799
13,"TEUSAQUILLO","BODEGAS",2013,0.022897935
13,"TEUSAQUILLO","CLINICAS, HOSPITALES, CENTROS MEDICOS",2013,0.011039628
13,"TEUSAQUILLO","COMERCIO",2013,0.047805599
13,"TEUSAQUILLO","HOTELES",2013,0.010384550
13,"TEUSAQUILLO","INDUSTRIA",2013,0.003902496
13,"TEUSAQUILLO","LOTES",2013,0.000000000
13,"TEUSAQUILLO","OFICINAS",2013,0.208633321
13,"TEUSAQUILLO","OTROS",2013,0.023328552
13,"TEUSAQUILLO","RESIDENCIAL",2013,0.606809189
13,"TEUSAQUILLO","UNIVERSIDADES Y COLEGIOS",2013,0.065198730
13,"TEUSAQUILLO","BODEGAS",2014,0.022479719
13,"TEUSAQUILLO","CLINICAS, HOSPITALES, CENTROS MEDICOS",2014,0.010796533
13,"TEUSAQUILLO","COMERCIO",2014,0.048275210
13,"TEUSAQUILLO","HOTELES",2014,0.011387203
13,"TEUSAQUILLO","INDUSTRIA",2014,0.003874100
13,"TEUSAQUILLO","LOTES",2014,0.000000000
13,"TEUSAQUILLO","OFICINAS",2014,0.208647478
13,"TEUSAQUILLO","OTROS",2014,0.024225100
13,"TEUSAQUILLO","RESIDENCIAL",2014,0.606190570
13,"TEUSAQUILLO","UNIVERSIDADES Y COLEGIOS",2014,0.064124087
13,"TEUSAQUILLO","BODEGAS",2015,0.023549255
13,"TEUSAQUILLO","CLINICAS, HOSPITALES, CENTROS MEDICOS",2015,0.010686205
13,"TEUSAQUILLO","COMERCIO",2015,0.047940431
13,"TEUSAQUILLO","HOTELES",2015,0.012109042
13,"TEUSAQUILLO","INDUSTRIA",2015,0.003838973
13,"TEUSAQUILLO","LOTES",2015,0.000000000
13,"TEUSAQUILLO","OFICINAS",2015,0.207001940
13,"TEUSAQUILLO","OTROS",2015,0.024387383
13,"TEUSAQUILLO","RESIDENCIAL",2015,0.605546190
13,"TEUSAQUILLO","UNIVERSIDADES Y COLEGIOS",2015,0.064940580
13,"TEUSAQUILLO","BODEGAS",2016,0.023388944
13,"TEUSAQUILLO","CLINICAS, HOSPITALES, CENTROS MEDICOS",2016,0.010886492
13,"TEUSAQUILLO","COMERCIO",2016,0.047990011
13,"TEUSAQUILLO","HOTELES",2016,0.011914534
13,"TEUSAQUILLO","INDUSTRIA",2016,0.003837952
13,"TEUSAQUILLO","LOTES",2016,0.000000000
13,"TEUSAQUILLO","OFICINAS",2016,0.206393390
13,"TEUSAQUILLO","OTROS",2016,0.022982335
13,"TEUSAQUILLO","RESIDENCIAL",2016,0.607587129
13,"TEUSAQUILLO","UNIVERSIDADES Y COLEGIOS",2016,0.065019212
13,"TEUSAQUILLO","BODEGAS",2017,0.023325766
13,"TEUSAQUILLO","CLINICAS, HOSPITALES, CENTROS MEDICOS",2017,0.010792328
13,"TEUSAQUILLO","COMERCIO",2017,0.046855921
13,"TEUSAQUILLO","HOTELES",2017,0.018046814
13,"TEUSAQUILLO","INDUSTRIA",2017,0.003803665
13,"TEUSAQUILLO","LOTES",2017,0.000000000
13,"TEUSAQUILLO","OFICINAS",2017,0.203888371
13,"TEUSAQUILLO","OTROS",2017,0.022984389
13,"TEUSAQUILLO","RESIDENCIAL",2017,0.605818885
13,"TEUSAQUILLO","UNIVERSIDADES Y COLEGIOS",2017,0.064483861
13,"TEUSAQUILLO","BODEGAS",2018,0.023161996
13,"TEUSAQUILLO","CLINICAS, HOSPITALES, CENTROS MEDICOS",2018,0.010660124
13,"TEUSAQUILLO","COMERCIO",2018,0.046864078
13,"TEUSAQUILLO","HOTELES",2018,0.019078807
13,"TEUSAQUILLO","INDUSTRIA",2018,0.003779998
13,"TEUSAQUILLO","LOTES",2018,0.000000000
13,"TEUSAQUILLO","OFICINAS",2018,0.201168511
13,"TEUSAQUILLO","OTROS",2018,0.025497572
13,"TEUSAQUILLO","RESIDENCIAL",2018,0.605497086
13,"TEUSAQUILLO","UNIVERSIDADES Y COLEGIOS",2018,0.064291828
14,"LOS MÁRTIRES","BODEGAS",2010,0.153842365
14,"LOS MÁRTIRES","CLINICAS, HOSPITALES, CENTROS MEDICOS",2010,0.019587683
14,"LOS MÁRTIRES","COMERCIO",2010,0.092387089
14,"LOS MÁRTIRES","HOTELES",2010,0.000465252
14,"LOS MÁRTIRES","INDUSTRIA",2010,0.012189861
14,"LOS MÁRTIRES","LOTES",2010,0.000000000
14,"LOS MÁRTIRES","OFICINAS",2010,0.068440591
14,"LOS MÁRTIRES","OTROS",2010,0.134826949
14,"LOS MÁRTIRES","RESIDENCIAL",2010,0.495116877
14,"LOS MÁRTIRES","UNIVERSIDADES Y COLEGIOS",2010,0.023143333
14,"LOS MÁRTIRES","BODEGAS",2011,0.149000494
14,"LOS MÁRTIRES","CLINICAS, HOSPITALES, CENTROS MEDICOS",2011,0.018688690
14,"LOS MÁRTIRES","COMERCIO",2011,0.131635281
14,"LOS MÁRTIRES","HOTELES",2011,0.000443899
14,"LOS MÁRTIRES","INDUSTRIA",2011,0.012394481
14,"LOS MÁRTIRES","LOTES",2011,0.000000000
14,"LOS MÁRTIRES","OFICINAS",2011,0.066728136
14,"LOS MÁRTIRES","OTROS",2011,0.133474223
14,"LOS MÁRTIRES","RESIDENCIAL",2011,0.465313821
14,"LOS MÁRTIRES","UNIVERSIDADES Y COLEGIOS",2011,0.022320976
14,"LOS MÁRTIRES","BODEGAS",2012,0.148855672
14,"LOS MÁRTIRES","CLINICAS, HOSPITALES, CENTROS MEDICOS",2012,0.019303607
14,"LOS MÁRTIRES","COMERCIO",2012,0.108259590
14,"LOS MÁRTIRES","HOTELES",2012,0.000536396
14,"LOS MÁRTIRES","INDUSTRIA",2012,0.012606708
14,"LOS MÁRTIRES","LOTES",2012,0.000000000
14,"LOS MÁRTIRES","OFICINAS",2012,0.068068323
14,"LOS MÁRTIRES","OTROS",2012,0.145586080
14,"LOS MÁRTIRES","RESIDENCIAL",2012,0.473854761
14,"LOS MÁRTIRES","UNIVERSIDADES Y COLEGIOS",2012,0.022928863
14,"LOS MÁRTIRES","BODEGAS",2013,0.147583248
14,"LOS MÁRTIRES","CLINICAS, HOSPITALES, CENTROS MEDICOS",2013,0.019237318
14,"LOS MÁRTIRES","COMERCIO",2013,0.107600858
14,"LOS MÁRTIRES","HOTELES",2013,0.000621595
14,"LOS MÁRTIRES","INDUSTRIA",2013,0.012335755
14,"LOS MÁRTIRES","LOTES",2013,0.000000000
14,"LOS MÁRTIRES","OFICINAS",2013,0.071593850
14,"LOS MÁRTIRES","OTROS",2013,0.147662775
14,"LOS MÁRTIRES","RESIDENCIAL",2013,0.470946408
14,"LOS MÁRTIRES","UNIVERSIDADES Y COLEGIOS",2013,0.022418193
14,"LOS MÁRTIRES","BODEGAS",2014,0.146856935
14,"LOS MÁRTIRES","CLINICAS, HOSPITALES, CENTROS MEDICOS",2014,0.019085767
14,"LOS MÁRTIRES","COMERCIO",2014,0.107594642
14,"LOS MÁRTIRES","HOTELES",2014,0.000681178
14,"LOS MÁRTIRES","INDUSTRIA",2014,0.012070753
14,"LOS MÁRTIRES","LOTES",2014,0.000000000
14,"LOS MÁRTIRES","OFICINAS",2014,0.072676101
14,"LOS MÁRTIRES","OTROS",2014,0.152748330
14,"LOS MÁRTIRES","RESIDENCIAL",2014,0.466919404
14,"LOS MÁRTIRES","UNIVERSIDADES Y COLEGIOS",2014,0.021366890
14,"LOS MÁRTIRES","BODEGAS",2015,0.145910293
14,"LOS MÁRTIRES","CLINICAS, HOSPITALES, CENTROS MEDICOS",2015,0.018634808
14,"LOS MÁRTIRES","COMERCIO",2015,0.107037759
14,"LOS MÁRTIRES","HOTELES",2015,0.000677074
14,"LOS MÁRTIRES","INDUSTRIA",2015,0.011909515
14,"LOS MÁRTIRES","LOTES",2015,0.000000000
14,"LOS MÁRTIRES","OFICINAS",2015,0.074489691
14,"LOS MÁRTIRES","OTROS",2015,0.153578104
14,"LOS MÁRTIRES","RESIDENCIAL",2015,0.466213020
14,"LOS MÁRTIRES","UNIVERSIDADES Y COLEGIOS",2015,0.021549737
14,"LOS MÁRTIRES","BODEGAS",2016,0.145923562
14,"LOS MÁRTIRES","CLINICAS, HOSPITALES, CENTROS MEDICOS",2016,0.018634342
14,"LOS MÁRTIRES","COMERCIO",2016,0.106063720
14,"LOS MÁRTIRES","HOTELES",2016,0.000675323
14,"LOS MÁRTIRES","INDUSTRIA",2016,0.011576037
14,"LOS MÁRTIRES","LOTES",2016,0.000000000
14,"LOS MÁRTIRES","OFICINAS",2016,0.073044918
14,"LOS MÁRTIRES","OTROS",2016,0.155307408
14,"LOS MÁRTIRES","RESIDENCIAL",2016,0.467280673
14,"LOS MÁRTIRES","UNIVERSIDADES Y COLEGIOS",2016,0.021494017
14,"LOS MÁRTIRES","BODEGAS",2017,0.146608431
14,"LOS MÁRTIRES","CLINICAS, HOSPITALES, CENTROS MEDICOS",2017,0.018448577
14,"LOS MÁRTIRES","COMERCIO",2017,0.104228819
14,"LOS MÁRTIRES","HOTELES",2017,0.000669286
14,"LOS MÁRTIRES","INDUSTRIA",2017,0.011262527
14,"LOS MÁRTIRES","LOTES",2017,0.000000000
14,"LOS MÁRTIRES","OFICINAS",2017,0.075677905
14,"LOS MÁRTIRES","OTROS",2017,0.156293528
14,"LOS MÁRTIRES","RESIDENCIAL",2017,0.465434612
14,"LOS MÁRTIRES","UNIVERSIDADES Y COLEGIOS",2017,0.021376314
14,"LOS MÁRTIRES","BODEGAS",2018,0.145684489
14,"LOS MÁRTIRES","CLINICAS, HOSPITALES, CENTROS MEDICOS",2018,0.018562706
14,"LOS MÁRTIRES","COMERCIO",2018,0.103342256
14,"LOS MÁRTIRES","HOTELES",2018,0.000665203
14,"LOS MÁRTIRES","INDUSTRIA",2018,0.011193809
14,"LOS MÁRTIRES","LOTES",2018,0.000000000
14,"LOS MÁRTIRES","OFICINAS",2018,0.076079080
14,"LOS MÁRTIRES","OTROS",2018,0.157291984
14,"LOS MÁRTIRES","RESIDENCIAL",2018,0.466183243
14,"LOS MÁRTIRES","UNIVERSIDADES Y COLEGIOS",2018,0.020997232
15,"ANTONIO NARIÑO","BODEGAS",2010,0.059141843
15,"ANTONIO NARIÑO","CLINICAS, HOSPITALES, CENTROS MEDICOS",2010,0.023263329
15,"ANTONIO NARIÑO","COMERCIO",2010,0.098923676
15,"ANTONIO NARIÑO","HOTELES",2010,0.000000000
15,"ANTONIO NARIÑO","INDUSTRIA",2010,0.011359696
15,"ANTONIO NARIÑO","LOTES",2010,0.000000000
15,"ANTONIO NARIÑO","OFICINAS",2010,0.032151924
15,"ANTONIO NARIÑO","OTROS",2010,0.068646698
15,"ANTONIO NARIÑO","RESIDENCIAL",2010,0.672510606
15,"ANTONIO NARIÑO","UNIVERSIDADES Y COLEGIOS",2010,0.034002227
15,"ANTONIO NARIÑO","BODEGAS",2011,0.056710878
15,"ANTONIO NARIÑO","CLINICAS, HOSPITALES, CENTROS MEDICOS",2011,0.024546298
15,"ANTONIO NARIÑO","COMERCIO",2011,0.087195396
15,"ANTONIO NARIÑO","HOTELES",2011,0.000000000
15,"ANTONIO NARIÑO","INDUSTRIA",2011,0.011948382
15,"ANTONIO NARIÑO","LOTES",2011,0.000000000
15,"ANTONIO NARIÑO","OFICINAS",2011,0.035031782
15,"ANTONIO NARIÑO","OTROS",2011,0.077710301
15,"ANTONIO NARIÑO","RESIDENCIAL",2011,0.672605118
15,"ANTONIO NARIÑO","UNIVERSIDADES Y COLEGIOS",2011,0.034251846
15,"ANTONIO NARIÑO","BODEGAS",2012,0.058450549
15,"ANTONIO NARIÑO","CLINICAS, HOSPITALES, CENTROS MEDICOS",2012,0.024072428
15,"ANTONIO NARIÑO","COMERCIO",2012,0.088854761
15,"ANTONIO NARIÑO","HOTELES",2012,0.000000000
15,"ANTONIO NARIÑO","INDUSTRIA",2012,0.012157610
15,"ANTONIO NARIÑO","LOTES",2012,0.000000000
15,"ANTONIO NARIÑO","OFICINAS",2012,0.036200850
15,"ANTONIO NARIÑO","OTROS",2012,0.076768102
15,"ANTONIO NARIÑO","RESIDENCIAL",2012,0.668716557
15,"ANTONIO NARIÑO","UNIVERSIDADES Y COLEGIOS",2012,0.034779143
15,"ANTONIO NARIÑO","BODEGAS",2013,0.058460324
15,"ANTONIO NARIÑO","CLINICAS, HOSPITALES, CENTROS MEDICOS",2013,0.023772120
15,"ANTONIO NARIÑO","COMERCIO",2013,0.088132416
15,"ANTONIO NARIÑO","HOTELES",2013,0.000000000
15,"ANTONIO NARIÑO","INDUSTRIA",2013,0.012284882
15,"ANTONIO NARIÑO","LOTES",2013,0.000000000
15,"ANTONIO NARIÑO","OFICINAS",2013,0.037523571
15,"ANTONIO NARIÑO","OTROS",2013,0.076752159
15,"ANTONIO NARIÑO","RESIDENCIAL",2013,0.668355360
15,"ANTONIO NARIÑO","UNIVERSIDADES Y COLEGIOS",2013,0.034719168
15,"ANTONIO NARIÑO","BODEGAS",2014,0.058645599
15,"ANTONIO NARIÑO","CLINICAS, HOSPITALES, CENTROS MEDICOS",2014,0.023590984
15,"ANTONIO NARIÑO","COMERCIO",2014,0.082390068
15,"ANTONIO NARIÑO","HOTELES",2014,0.000000000
15,"ANTONIO NARIÑO","INDUSTRIA",2014,0.011376691
15,"ANTONIO NARIÑO","LOTES",2014,0.000000000
15,"ANTONIO NARIÑO","OFICINAS",2014,0.040574980
15,"ANTONIO NARIÑO","OTROS",2014,0.084062628
15,"ANTONIO NARIÑO","RESIDENCIAL",2014,0.665239464
15,"ANTONIO NARIÑO","UNIVERSIDADES Y COLEGIOS",2014,0.034119586
15,"ANTONIO NARIÑO","BODEGAS",2015,0.059799065
15,"ANTONIO NARIÑO","CLINICAS, HOSPITALES, CENTROS MEDICOS",2015,0.020672234
15,"ANTONIO NARIÑO","COMERCIO",2015,0.082466834
15,"ANTONIO NARIÑO","HOTELES",2015,0.000000000
15,"ANTONIO NARIÑO","INDUSTRIA",2015,0.011436018
15,"ANTONIO NARIÑO","LOTES",2015,0.000000000
15,"ANTONIO NARIÑO","OFICINAS",2015,0.040732077
15,"ANTONIO NARIÑO","OTROS",2015,0.088375797
15,"ANTONIO NARIÑO","RESIDENCIAL",2015,0.662384343
15,"ANTONIO NARIÑO","UNIVERSIDADES Y COLEGIOS",2015,0.034133632
15,"ANTONIO NARIÑO","BODEGAS",2016,0.060272675
15,"ANTONIO NARIÑO","CLINICAS, HOSPITALES, CENTROS MEDICOS",2016,0.020620716
15,"ANTONIO NARIÑO","COMERCIO",2016,0.082292024
15,"ANTONIO NARIÑO","HOTELES",2016,0.000000000
15,"ANTONIO NARIÑO","INDUSTRIA",2016,0.011407159
15,"ANTONIO NARIÑO","LOTES",2016,0.000000000
15,"ANTONIO NARIÑO","OFICINAS",2016,0.040898775
15,"ANTONIO NARIÑO","OTROS",2016,0.087509520
15,"ANTONIO NARIÑO","RESIDENCIAL",2016,0.662842212
15,"ANTONIO NARIÑO","UNIVERSIDADES Y COLEGIOS",2016,0.034156921
15,"ANTONIO NARIÑO","BODEGAS",2017,0.060481299
15,"ANTONIO NARIÑO","CLINICAS, HOSPITALES, CENTROS MEDICOS",2017,0.020420783
15,"ANTONIO NARIÑO","COMERCIO",2017,0.083806373
15,"ANTONIO NARIÑO","HOTELES",2017,0.000000000
15,"ANTONIO NARIÑO","INDUSTRIA",2017,0.011007483
15,"ANTONIO NARIÑO","LOTES",2017,0.000000000
15,"ANTONIO NARIÑO","OFICINAS",2017,0.040350581
15,"ANTONIO NARIÑO","OTROS",2017,0.088547489
15,"ANTONIO NARIÑO","RESIDENCIAL",2017,0.661523799
15,"ANTONIO NARIÑO","UNIVERSIDADES Y COLEGIOS",2017,0.033862193
15,"ANTONIO NARIÑO","BODEGAS",2018,0.060447197
15,"ANTONIO NARIÑO","CLINICAS, HOSPITALES, CENTROS MEDICOS",2018,0.020247520
15,"ANTONIO NARIÑO","COMERCIO",2018,0.083398221
15,"ANTONIO NARIÑO","HOTELES",2018,0.000000000
15,"ANTONIO NARIÑO","INDUSTRIA",2018,0.010286480
15,"ANTONIO NARIÑO","LOTES",2018,0.000000000
15,"ANTONIO NARIÑO","OFICINAS",2018,0.042328645
15,"ANTONIO NARIÑO","OTROS",2018,0.087922916
15,"ANTONIO NARIÑO","RESIDENCIAL",2018,0.661781380
15,"ANTONIO NARIÑO","UNIVERSIDADES Y COLEGIOS",2018,0.033587642
16,"PUENTE ARANDA","BODEGAS",2010,0.157900460
16,"PUENTE ARANDA","CLINICAS, HOSPITALES, CENTROS MEDICOS",2010,0.000245065
16,"PUENTE ARANDA","COMERCIO",2010,0.032985292
16,"PUENTE ARANDA","HOTELES",2010,0.001250571
16,"PUENTE ARANDA","INDUSTRIA",2010,0.087786557
16,"PUENTE ARANDA","LOTES",2010,0.000000000
16,"PUENTE ARANDA","OFICINAS",2010,0.041526311
16,"PUENTE ARANDA","OTROS",2010,0.064499512
16,"PUENTE ARANDA","RESIDENCIAL",2010,0.600538278
16,"PUENTE ARANDA","UNIVERSIDADES Y COLEGIOS",2010,0.013267954
16,"PUENTE ARANDA","BODEGAS",2011,0.157265519
16,"PUENTE ARANDA","CLINICAS, HOSPITALES, CENTROS MEDICOS",2011,0.000860767
16,"PUENTE ARANDA","COMERCIO",2011,0.032913108
16,"PUENTE ARANDA","HOTELES",2011,0.001320307
16,"PUENTE ARANDA","INDUSTRIA",2011,0.087398443
16,"PUENTE ARANDA","LOTES",2011,0.000000000
16,"PUENTE ARANDA","OFICINAS",2011,0.042238767
16,"PUENTE ARANDA","OTROS",2011,0.067003752
16,"PUENTE ARANDA","RESIDENCIAL",2011,0.597594088
16,"PUENTE ARANDA","UNIVERSIDADES Y COLEGIOS",2011,0.013405248
16,"PUENTE ARANDA","BODEGAS",2012,0.145321291
16,"PUENTE ARANDA","CLINICAS, HOSPITALES, CENTROS MEDICOS",2012,0.000853731
16,"PUENTE ARANDA","COMERCIO",2012,0.033250837
16,"PUENTE ARANDA","HOTELES",2012,0.001397195
16,"PUENTE ARANDA","INDUSTRIA",2012,0.087725333
16,"PUENTE ARANDA","LOTES",2012,0.000000000
16,"PUENTE ARANDA","OFICINAS",2012,0.045019512
16,"PUENTE ARANDA","OTROS",2012,0.077518943
16,"PUENTE ARANDA","RESIDENCIAL",2012,0.595471734
16,"PUENTE ARANDA","UNIVERSIDADES Y COLEGIOS",2012,0.013441424
16,"PUENTE ARANDA","BODEGAS",2013,0.141978321
16,"PUENTE ARANDA","CLINICAS, HOSPITALES, CENTROS MEDICOS",2013,0.000844125
16,"PUENTE ARANDA","COMERCIO",2013,0.033327933
16,"PUENTE ARANDA","HOTELES",2013,0.001475373
16,"PUENTE ARANDA","INDUSTRIA",2013,0.087187492
16,"PUENTE ARANDA","LOTES",2013,0.000000000
16,"PUENTE ARANDA","OFICINAS",2013,0.047127430
16,"PUENTE ARANDA","OTROS",2013,0.078703806
16,"PUENTE ARANDA","RESIDENCIAL",2013,0.596091038
16,"PUENTE ARANDA","UNIVERSIDADES Y COLEGIOS",2013,0.013264483
16,"PUENTE ARANDA","BODEGAS",2014,0.137729072
16,"PUENTE ARANDA","CLINICAS, HOSPITALES, CENTROS MEDICOS",2014,0.000829161
16,"PUENTE ARANDA","COMERCIO",2014,0.032857410
16,"PUENTE ARANDA","HOTELES",2014,0.002177706
16,"PUENTE ARANDA","INDUSTRIA",2014,0.086426206
16,"PUENTE ARANDA","LOTES",2014,0.000000000
16,"PUENTE ARANDA","OFICINAS",2014,0.047891883
16,"PUENTE ARANDA","OTROS",2014,0.084794175
16,"PUENTE ARANDA","RESIDENCIAL",2014,0.594346099
16,"PUENTE ARANDA","UNIVERSIDADES Y COLEGIOS",2014,0.012948288
16,"PUENTE ARANDA","BODEGAS",2015,0.136551001
16,"PUENTE ARANDA","CLINICAS, HOSPITALES, CENTROS MEDICOS",2015,0.000833280
16,"PUENTE ARANDA","COMERCIO",2015,0.033917972
16,"PUENTE ARANDA","HOTELES",2015,0.002194286
16,"PUENTE ARANDA","INDUSTRIA",2015,0.085042361
16,"PUENTE ARANDA","LOTES",2015,0.000000000
16,"PUENTE ARANDA","OFICINAS",2015,0.051063995
16,"PUENTE ARANDA","OTROS",2015,0.081103938
16,"PUENTE ARANDA","RESIDENCIAL",2015,0.595572932
16,"PUENTE ARANDA","UNIVERSIDADES Y COLEGIOS",2015,0.013720235
16,"PUENTE ARANDA","BODEGAS",2016,0.136076347
16,"PUENTE ARANDA","CLINICAS, HOSPITALES, CENTROS MEDICOS",2016,0.000826661
16,"PUENTE ARANDA","COMERCIO",2016,0.034160772
16,"PUENTE ARANDA","HOTELES",2016,0.002176856
16,"PUENTE ARANDA","INDUSTRIA",2016,0.084059473
16,"PUENTE ARANDA","LOTES",2016,0.000000000
16,"PUENTE ARANDA","OFICINAS",2016,0.051913340
16,"PUENTE ARANDA","OTROS",2016,0.084169314
16,"PUENTE ARANDA","RESIDENCIAL",2016,0.593024150
16,"PUENTE ARANDA","UNIVERSIDADES Y COLEGIOS",2016,0.013593087
16,"PUENTE ARANDA","BODEGAS",2017,0.134289022
16,"PUENTE ARANDA","CLINICAS, HOSPITALES, CENTROS MEDICOS",2017,0.000814436
16,"PUENTE ARANDA","COMERCIO",2017,0.046921807
16,"PUENTE ARANDA","HOTELES",2017,0.002007206
16,"PUENTE ARANDA","INDUSTRIA",2017,0.081866137
16,"PUENTE ARANDA","LOTES",2017,0.000000000
16,"PUENTE ARANDA","OFICINAS",2017,0.051983333
16,"PUENTE ARANDA","OTROS",2017,0.080955303
16,"PUENTE ARANDA","RESIDENCIAL",2017,0.587663776
16,"PUENTE ARANDA","UNIVERSIDADES Y COLEGIOS",2017,0.013498981
16,"PUENTE ARANDA","BODEGAS",2018,0.132850123
16,"PUENTE ARANDA","CLINICAS, HOSPITALES, CENTROS MEDICOS",2018,0.000806694
16,"PUENTE ARANDA","COMERCIO",2018,0.046396473
16,"PUENTE ARANDA","HOTELES",2018,0.002031756
16,"PUENTE ARANDA","INDUSTRIA",2018,0.081436787
16,"PUENTE ARANDA","LOTES",2018,0.000000000
16,"PUENTE ARANDA","OFICINAS",2018,0.053125249
16,"PUENTE ARANDA","OTROS",2018,0.084249328
16,"PUENTE ARANDA","RESIDENCIAL",2018,0.585709260
16,"PUENTE ARANDA","UNIVERSIDADES Y COLEGIOS",2018,0.013394330
17,"LA CANDELARIA","BODEGAS",2010,0.019960052
17,"LA CANDELARIA","CLINICAS, HOSPITALES, CENTROS MEDICOS",2010,0.000000000
17,"LA CANDELARIA","COMERCIO",2010,0.086792826
17,"LA CANDELARIA","HOTELES",2010,0.010146814
17,"LA CANDELARIA","INDUSTRIA",2010,0.000000000
17,"LA CANDELARIA","LOTES",2010,0.000012865
17,"LA CANDELARIA","OFICINAS",2010,0.330410955
17,"LA CANDELARIA","OTROS",2010,0.088566115
17,"LA CANDELARIA","RESIDENCIAL",2010,0.297014847
17,"LA CANDELARIA","UNIVERSIDADES Y COLEGIOS",2010,0.167095527
17,"LA CANDELARIA","BODEGAS",2011,0.020015332
17,"LA CANDELARIA","CLINICAS, HOSPITALES, CENTROS MEDICOS",2011,0.000000000
17,"LA CANDELARIA","COMERCIO",2011,0.086497700
17,"LA CANDELARIA","HOTELES",2011,0.011362275
17,"LA CANDELARIA","INDUSTRIA",2011,0.000000000
17,"LA CANDELARIA","LOTES",2011,0.000000000
17,"LA CANDELARIA","OFICINAS",2011,0.329598903
17,"LA CANDELARIA","OTROS",2011,0.089612545
17,"LA CANDELARIA","RESIDENCIAL",2011,0.291336911
17,"LA CANDELARIA","UNIVERSIDADES Y COLEGIOS",2011,0.171576334
17,"LA CANDELARIA","BODEGAS",2012,0.020503806
17,"LA CANDELARIA","CLINICAS, HOSPITALES, CENTROS MEDICOS",2012,0.000000000
17,"LA CANDELARIA","COMERCIO",2012,0.085892410
17,"LA CANDELARIA","HOTELES",2012,0.011491199
17,"LA CANDELARIA","INDUSTRIA",2012,0.000000000
17,"LA CANDELARIA","LOTES",2012,0.000000000
17,"LA CANDELARIA","OFICINAS",2012,0.339650467
17,"LA CANDELARIA","OTROS",2012,0.085955148
17,"LA CANDELARIA","RESIDENCIAL",2012,0.285420347
17,"LA CANDELARIA","UNIVERSIDADES Y COLEGIOS",2012,0.171086622
17,"LA CANDELARIA","BODEGAS",2013,0.020802762
17,"LA CANDELARIA","CLINICAS, HOSPITALES, CENTROS MEDICOS",2013,0.000000000
17,"LA CANDELARIA","COMERCIO",2013,0.087080711
17,"LA CANDELARIA","HOTELES",2013,0.012692919
17,"LA CANDELARIA","INDUSTRIA",2013,0.000000000
17,"LA CANDELARIA","LOTES",2013,0.000000000
17,"LA CANDELARIA","OFICINAS",2013,0.336368116
17,"LA CANDELARIA","OTROS",2013,0.087401583
17,"LA CANDELARIA","RESIDENCIAL",2013,0.283708211
17,"LA CANDELARIA","UNIVERSIDADES Y COLEGIOS",2013,0.171945699
17,"LA CANDELARIA","BODEGAS",2014,0.022357620
17,"LA CANDELARIA","CLINICAS, HOSPITALES, CENTROS MEDICOS",2014,0.000000000
17,"LA CANDELARIA","COMERCIO",2014,0.085823975
17,"LA CANDELARIA","HOTELES",2014,0.013523447
17,"LA CANDELARIA","INDUSTRIA",2014,0.000000000
17,"LA CANDELARIA","LOTES",2014,0.000000000
17,"LA CANDELARIA","OFICINAS",2014,0.331186504
17,"LA CANDELARIA","OTROS",2014,0.093498592
17,"LA CANDELARIA","RESIDENCIAL",2014,0.281383365
17,"LA CANDELARIA","UNIVERSIDADES Y COLEGIOS",2014,0.172226497
17,"LA CANDELARIA","BODEGAS",2015,0.022887226
17,"LA CANDELARIA","CLINICAS, HOSPITALES, CENTROS MEDICOS",2015,0.000000000
17,"LA CANDELARIA","COMERCIO",2015,0.086185488
17,"LA CANDELARIA","HOTELES",2015,0.013563069
17,"LA CANDELARIA","INDUSTRIA",2015,0.000000000
17,"LA CANDELARIA","LOTES",2015,0.000000000
17,"LA CANDELARIA","OFICINAS",2015,0.330872854
17,"LA CANDELARIA","OTROS",2015,0.083128012
17,"LA CANDELARIA","RESIDENCIAL",2015,0.280643895
17,"LA CANDELARIA","UNIVERSIDADES Y COLEGIOS",2015,0.182719457
17,"LA CANDELARIA","BODEGAS",2016,0.022704845
17,"LA CANDELARIA","CLINICAS, HOSPITALES, CENTROS MEDICOS",2016,0.000000000
17,"LA CANDELARIA","COMERCIO",2016,0.085205387
17,"LA CANDELARIA","HOTELES",2016,0.013439423
17,"LA CANDELARIA","INDUSTRIA",2016,0.000000000
17,"LA CANDELARIA","LOTES",2016,0.000000000
17,"LA CANDELARIA","OFICINAS",2016,0.326636610
17,"LA CANDELARIA","OTROS",2016,0.082548249
17,"LA CANDELARIA","RESIDENCIAL",2016,0.278040408
17,"LA CANDELARIA","UNIVERSIDADES Y COLEGIOS",2016,0.191425080
17,"LA CANDELARIA","BODEGAS",2017,0.022293875
17,"LA CANDELARIA","CLINICAS, HOSPITALES, CENTROS MEDICOS",2017,0.000000000
17,"LA CANDELARIA","COMERCIO",2017,0.082367724
17,"LA CANDELARIA","HOTELES",2017,0.011451846
17,"LA CANDELARIA","INDUSTRIA",2017,0.000000000
17,"LA CANDELARIA","LOTES",2017,0.000000000
17,"LA CANDELARIA","OFICINAS",2017,0.322065069
17,"LA CANDELARIA","OTROS",2017,0.083523287
17,"LA CANDELARIA","RESIDENCIAL",2017,0.292874780
17,"LA CANDELARIA","UNIVERSIDADES Y COLEGIOS",2017,0.185423418
17,"LA CANDELARIA","BODEGAS",2018,0.024440813
17,"LA CANDELARIA","CLINICAS, HOSPITALES, CENTROS MEDICOS",2018,0.000000000
17,"LA CANDELARIA","COMERCIO",2018,0.081893983
17,"LA CANDELARIA","HOTELES",2018,0.011232981
17,"LA CANDELARIA","INDUSTRIA",2018,0.000000000
17,"LA CANDELARIA","LOTES",2018,0.000000000
17,"LA CANDELARIA","OFICINAS",2018,0.319830309
17,"LA CANDELARIA","OTROS",2018,0.083806682
17,"LA CANDELARIA","RESIDENCIAL",2018,0.294902697
17,"LA CANDELARIA","UNIVERSIDADES Y COLEGIOS",2018,0.183892534
18,"RAFAEL URIBE URIBE","BODEGAS",2010,0.024629600
18,"RAFAEL URIBE URIBE","CLINICAS, HOSPITALES, CENTROS MEDICOS",2010,0.004121049
18,"RAFAEL URIBE URIBE","COMERCIO",2010,0.019774688
18,"RAFAEL URIBE URIBE","HOTELES",2010,0.000000000
18,"RAFAEL URIBE URIBE","INDUSTRIA",2010,0.000000000
18,"RAFAEL URIBE URIBE","LOTES",2010,0.000000000
18,"RAFAEL URIBE URIBE","OFICINAS",2010,0.014417570
18,"RAFAEL URIBE URIBE","OTROS",2010,0.038194833
18,"RAFAEL URIBE URIBE","RESIDENCIAL",2010,0.869386101
18,"RAFAEL URIBE URIBE","UNIVERSIDADES Y COLEGIOS",2010,0.029476158
18,"RAFAEL URIBE URIBE","BODEGAS",2011,0.025326101
18,"RAFAEL URIBE URIBE","CLINICAS, HOSPITALES, CENTROS MEDICOS",2011,0.003913080
18,"RAFAEL URIBE URIBE","COMERCIO",2011,0.018638290
18,"RAFAEL URIBE URIBE","HOTELES",2011,0.000000000
18,"RAFAEL URIBE URIBE","INDUSTRIA",2011,0.000239780
18,"RAFAEL URIBE URIBE","LOTES",2011,0.000000000
18,"RAFAEL URIBE URIBE","OFICINAS",2011,0.015332306
18,"RAFAEL URIBE URIBE","OTROS",2011,0.040658961
18,"RAFAEL URIBE URIBE","RESIDENCIAL",2011,0.865829907
18,"RAFAEL URIBE URIBE","UNIVERSIDADES Y COLEGIOS",2011,0.030061575
18,"RAFAEL URIBE URIBE","BODEGAS",2012,0.024711435
18,"RAFAEL URIBE URIBE","CLINICAS, HOSPITALES, CENTROS MEDICOS",2012,0.004116427
18,"RAFAEL URIBE URIBE","COMERCIO",2012,0.018408729
18,"RAFAEL URIBE URIBE","HOTELES",2012,0.000000000
18,"RAFAEL URIBE URIBE","INDUSTRIA",2012,0.000305630
18,"RAFAEL URIBE URIBE","LOTES",2012,0.000000000
18,"RAFAEL URIBE URIBE","OFICINAS",2012,0.027944552
18,"RAFAEL URIBE URIBE","OTROS",2012,0.028923608
18,"RAFAEL URIBE URIBE","RESIDENCIAL",2012,0.864128204
18,"RAFAEL URIBE URIBE","UNIVERSIDADES Y COLEGIOS",2012,0.031461416
18,"RAFAEL URIBE URIBE","BODEGAS",2013,0.023551618
18,"RAFAEL URIBE URIBE","CLINICAS, HOSPITALES, CENTROS MEDICOS",2013,0.003999349
18,"RAFAEL URIBE URIBE","COMERCIO",2013,0.018016370
18,"RAFAEL URIBE URIBE","HOTELES",2013,0.000000000
18,"RAFAEL URIBE URIBE","INDUSTRIA",2013,0.000466012
18,"RAFAEL URIBE URIBE","LOTES",2013,0.000000000
18,"RAFAEL URIBE URIBE","OFICINAS",2013,0.027966236
18,"RAFAEL URIBE URIBE","OTROS",2013,0.029618340
18,"RAFAEL URIBE URIBE","RESIDENCIAL",2013,0.865852015
18,"RAFAEL URIBE URIBE","UNIVERSIDADES Y COLEGIOS",2013,0.030530060
18,"RAFAEL URIBE URIBE","BODEGAS",2014,0.023450658
18,"RAFAEL URIBE URIBE","CLINICAS, HOSPITALES, CENTROS MEDICOS",2014,0.003929007
18,"RAFAEL URIBE URIBE","COMERCIO",2014,0.017947613
18,"RAFAEL URIBE URIBE","HOTELES",2014,0.000000000
18,"RAFAEL URIBE URIBE","INDUSTRIA",2014,0.000456472
18,"RAFAEL URIBE URIBE","LOTES",2014,0.000000000
18,"RAFAEL URIBE URIBE","OFICINAS",2014,0.027674676
18,"RAFAEL URIBE URIBE","OTROS",2014,0.029479049
18,"RAFAEL URIBE URIBE","RESIDENCIAL",2014,0.866851725
18,"RAFAEL URIBE URIBE","UNIVERSIDADES Y COLEGIOS",2014,0.030210798
18,"RAFAEL URIBE URIBE","BODEGAS",2015,0.023063766
18,"RAFAEL URIBE URIBE","CLINICAS, HOSPITALES, CENTROS MEDICOS",2015,0.004067936
18,"RAFAEL URIBE URIBE","COMERCIO",2015,0.017658279
18,"RAFAEL URIBE URIBE","HOTELES",2015,0.000000000
18,"RAFAEL URIBE URIBE","INDUSTRIA",2015,0.000447913
18,"RAFAEL URIBE URIBE","LOTES",2015,0.000000000
18,"RAFAEL URIBE URIBE","OFICINAS",2015,0.027841834
18,"RAFAEL URIBE URIBE","OTROS",2015,0.029600086
18,"RAFAEL URIBE URIBE","RESIDENCIAL",2015,0.867381032
18,"RAFAEL URIBE URIBE","UNIVERSIDADES Y COLEGIOS",2015,0.029939153
18,"RAFAEL URIBE URIBE","BODEGAS",2016,0.022524382
18,"RAFAEL URIBE URIBE","CLINICAS, HOSPITALES, CENTROS MEDICOS",2016,0.004604468
18,"RAFAEL URIBE URIBE","COMERCIO",2016,0.017806811
18,"RAFAEL URIBE URIBE","HOTELES",2016,0.000000000
18,"RAFAEL URIBE URIBE","INDUSTRIA",2016,0.000443387
18,"RAFAEL URIBE URIBE","LOTES",2016,0.000000000
18,"RAFAEL URIBE URIBE","OFICINAS",2016,0.028144667
18,"RAFAEL URIBE URIBE","OTROS",2016,0.029140913
18,"RAFAEL URIBE URIBE","RESIDENCIAL",2016,0.867216104
18,"RAFAEL URIBE URIBE","UNIVERSIDADES Y COLEGIOS",2016,0.030119268
18,"RAFAEL URIBE URIBE","BODEGAS",2017,0.022828716
18,"RAFAEL URIBE URIBE","CLINICAS, HOSPITALES, CENTROS MEDICOS",2017,0.004569427
18,"RAFAEL URIBE URIBE","COMERCIO",2017,0.017553459
18,"RAFAEL URIBE URIBE","HOTELES",2017,0.000000000
18,"RAFAEL URIBE URIBE","INDUSTRIA",2017,0.000511705
18,"RAFAEL URIBE URIBE","LOTES",2017,0.000000000
18,"RAFAEL URIBE URIBE","OFICINAS",2017,0.027811523
18,"RAFAEL URIBE URIBE","OTROS",2017,0.029244273
18,"RAFAEL URIBE URIBE","RESIDENCIAL",2017,0.866648456
18,"RAFAEL URIBE URIBE","UNIVERSIDADES Y COLEGIOS",2017,0.030832440
18,"RAFAEL URIBE URIBE","BODEGAS",2018,0.022473005
18,"RAFAEL URIBE URIBE","CLINICAS, HOSPITALES, CENTROS MEDICOS",2018,0.004535553
18,"RAFAEL URIBE URIBE","COMERCIO",2018,0.017777259
18,"RAFAEL URIBE URIBE","HOTELES",2018,0.000000000
18,"RAFAEL URIBE URIBE","INDUSTRIA",2018,0.000447480
18,"RAFAEL URIBE URIBE","LOTES",2018,0.000000000
18,"RAFAEL URIBE URIBE","OFICINAS",2018,0.027659265
18,"RAFAEL URIBE URIBE","OTROS",2018,0.029207961
18,"RAFAEL URIBE URIBE","RESIDENCIAL",2018,0.867222661
18,"RAFAEL URIBE URIBE","UNIVERSIDADES Y COLEGIOS",2018,0.030676815
19,"CIUDAD BOLÍVAR","BODEGAS",2010,0.025057028
19,"CIUDAD BOLÍVAR","CLINICAS, HOSPITALES, CENTROS MEDICOS",2010,0.000826224
19,"CIUDAD BOLÍVAR","COMERCIO",2010,0.016619516
19,"CIUDAD BOLÍVAR","HOTELES",2010,0.000050793
19,"CIUDAD BOLÍVAR","INDUSTRIA",2010,0.022675997
19,"CIUDAD BOLÍVAR","LOTES",2010,0.000008511
19,"CIUDAD BOLÍVAR","OFICINAS",2010,0.012427141
19,"CIUDAD BOLÍVAR","OTROS",2010,0.020856218
19,"CIUDAD BOLÍVAR","RESIDENCIAL",2010,0.872377892
19,"CIUDAD BOLÍVAR","UNIVERSIDADES Y COLEGIOS",2010,0.029100680
19,"CIUDAD BOLÍVAR","BODEGAS",2011,0.023984054
19,"CIUDAD BOLÍVAR","CLINICAS, HOSPITALES, CENTROS MEDICOS",2011,0.002193985
19,"CIUDAD BOLÍVAR","COMERCIO",2011,0.017115650
19,"CIUDAD BOLÍVAR","HOTELES",2011,0.000000000
19,"CIUDAD BOLÍVAR","INDUSTRIA",2011,0.022577116
19,"CIUDAD BOLÍVAR","LOTES",2011,0.000008185
19,"CIUDAD BOLÍVAR","OFICINAS",2011,0.014274023
19,"CIUDAD BOLÍVAR","OTROS",2011,0.021375905
19,"CIUDAD BOLÍVAR","RESIDENCIAL",2011,0.870499071
19,"CIUDAD BOLÍVAR","UNIVERSIDADES Y COLEGIOS",2011,0.027972012
19,"CIUDAD BOLÍVAR","BODEGAS",2012,0.021588484
19,"CIUDAD BOLÍVAR","CLINICAS, HOSPITALES, CENTROS MEDICOS",2012,0.002122360
19,"CIUDAD BOLÍVAR","COMERCIO",2012,0.018082775
19,"CIUDAD BOLÍVAR","HOTELES",2012,0.000023074
19,"CIUDAD BOLÍVAR","INDUSTRIA",2012,0.022212381
19,"CIUDAD BOLÍVAR","LOTES",2012,0.000003764
19,"CIUDAD BOLÍVAR","OFICINAS",2012,0.014845727
19,"CIUDAD BOLÍVAR","OTROS",2012,0.022642017
19,"CIUDAD BOLÍVAR","RESIDENCIAL",2012,0.871220704
19,"CIUDAD BOLÍVAR","UNIVERSIDADES Y COLEGIOS",2012,0.027258714
19,"CIUDAD BOLÍVAR","BODEGAS",2013,0.021023878
19,"CIUDAD BOLÍVAR","CLINICAS, HOSPITALES, CENTROS MEDICOS",2013,0.002165831
19,"CIUDAD BOLÍVAR","COMERCIO",2013,0.017535348
19,"CIUDAD BOLÍVAR","HOTELES",2013,0.000022179
19,"CIUDAD BOLÍVAR","INDUSTRIA",2013,0.021314061
19,"CIUDAD BOLÍVAR","LOTES",2013,0.000003618
19,"CIUDAD BOLÍVAR","OFICINAS",2013,0.014710972
19,"CIUDAD BOLÍVAR","OTROS",2013,0.021672020
19,"CIUDAD BOLÍVAR","RESIDENCIAL",2013,0.875210403
19,"CIUDAD BOLÍVAR","UNIVERSIDADES Y COLEGIOS",2013,0.026341692
19,"CIUDAD BOLÍVAR","BODEGAS",2014,0.018405113
19,"CIUDAD BOLÍVAR","CLINICAS, HOSPITALES, CENTROS MEDICOS",2014,0.002073628
19,"CIUDAD BOLÍVAR","COMERCIO",2014,0.017269798
19,"CIUDAD BOLÍVAR","HOTELES",2014,0.000021533
19,"CIUDAD BOLÍVAR","INDUSTRIA",2014,0.020428675
19,"CIUDAD BOLÍVAR","LOTES",2014,0.000003513
19,"CIUDAD BOLÍVAR","OFICINAS",2014,0.014334620
19,"CIUDAD BOLÍVAR","OTROS",2014,0.021054530
19,"CIUDAD BOLÍVAR","RESIDENCIAL",2014,0.880715702
19,"CIUDAD BOLÍVAR","UNIVERSIDADES Y COLEGIOS",2014,0.025692888
19,"CIUDAD BOLÍVAR","BODEGAS",2015,0.018122092
19,"CIUDAD BOLÍVAR","CLINICAS, HOSPITALES, CENTROS MEDICOS",2015,0.002253187
19,"CIUDAD BOLÍVAR","COMERCIO",2015,0.016794871
19,"CIUDAD BOLÍVAR","HOTELES",2015,0.000020953
19,"CIUDAD BOLÍVAR","INDUSTRIA",2015,0.019540143
19,"CIUDAD BOLÍVAR","LOTES",2015,0.000003418
19,"CIUDAD BOLÍVAR","OFICINAS",2015,0.013599516
19,"CIUDAD BOLÍVAR","OTROS",2015,0.021607341
19,"CIUDAD BOLÍVAR","RESIDENCIAL",2015,0.882638643
19,"CIUDAD BOLÍVAR","UNIVERSIDADES Y COLEGIOS",2015,0.025419837
19,"CIUDAD BOLÍVAR","BODEGAS",2016,0.018563050
19,"CIUDAD BOLÍVAR","CLINICAS, HOSPITALES, CENTROS MEDICOS",2016,0.002199540
19,"CIUDAD BOLÍVAR","COMERCIO",2016,0.016546897
19,"CIUDAD BOLÍVAR","HOTELES",2016,0.000020454
19,"CIUDAD BOLÍVAR","INDUSTRIA",2016,0.020118067
19,"CIUDAD BOLÍVAR","LOTES",2016,0.000000000
19,"CIUDAD BOLÍVAR","OFICINAS",2016,0.013271225
19,"CIUDAD BOLÍVAR","OTROS",2016,0.020818388
19,"CIUDAD BOLÍVAR","RESIDENCIAL",2016,0.882768055
19,"CIUDAD BOLÍVAR","UNIVERSIDADES Y COLEGIOS",2016,0.025694325
19,"CIUDAD BOLÍVAR","BODEGAS",2017,0.018917354
19,"CIUDAD BOLÍVAR","CLINICAS, HOSPITALES, CENTROS MEDICOS",2017,0.002139258
19,"CIUDAD BOLÍVAR","COMERCIO",2017,0.015675559
19,"CIUDAD BOLÍVAR","HOTELES",2017,0.000019893
19,"CIUDAD BOLÍVAR","INDUSTRIA",2017,0.019603938
19,"CIUDAD BOLÍVAR","LOTES",2017,0.000000000
19,"CIUDAD BOLÍVAR","OFICINAS",2017,0.013121067
19,"CIUDAD BOLÍVAR","OTROS",2017,0.020692666
19,"CIUDAD BOLÍVAR","RESIDENCIAL",2017,0.885040563
19,"CIUDAD BOLÍVAR","UNIVERSIDADES Y COLEGIOS",2017,0.024789703
19,"CIUDAD BOLÍVAR","BODEGAS",2018,0.017856372
19,"CIUDAD BOLÍVAR","CLINICAS, HOSPITALES, CENTROS MEDICOS",2018,0.002047220
19,"CIUDAD BOLÍVAR","COMERCIO",2018,0.015661783
19,"CIUDAD BOLÍVAR","HOTELES",2018,0.000038866
19,"CIUDAD BOLÍVAR","INDUSTRIA",2018,0.018940088
19,"CIUDAD BOLÍVAR","LOTES",2018,0.000000000
19,"CIUDAD BOLÍVAR","OFICINAS",2018,0.013984729
19,"CIUDAD BOLÍVAR","OTROS",2018,0.020798377
19,"CIUDAD BOLÍVAR","RESIDENCIAL",2018,0.886168968
19,"CIUDAD BOLÍVAR","UNIVERSIDADES Y COLEGIOS",2018,0.024503595
20,"SUMAPAZ","BODEGAS",2010,0.026829410
20,"SUMAPAZ","CLINICAS, HOSPITALES, CENTROS MEDICOS",2010,0.000000000
20,"SUMAPAZ","COMERCIO",2010,0.004839124
20,"SUMAPAZ","HOTELES",2010,0.000000000
20,"SUMAPAZ","INDUSTRIA",2010,0.000000000
20,"SUMAPAZ","LOTES",2010,0.000000000
20,"SUMAPAZ","OFICINAS",2010,0.063577673
20,"SUMAPAZ","OTROS",2010,0.019794088
20,"SUMAPAZ","RESIDENCIAL",2010,0.744573645
20,"SUMAPAZ","UNIVERSIDADES Y COLEGIOS",2010,0.140386059
20,"SUMAPAZ","BODEGAS",2011,0.026765448
20,"SUMAPAZ","CLINICAS, HOSPITALES, CENTROS MEDICOS",2011,0.000000000
20,"SUMAPAZ","COMERCIO",2011,0.004827587
20,"SUMAPAZ","HOTELES",2011,0.000000000
20,"SUMAPAZ","INDUSTRIA",2011,0.000000000
20,"SUMAPAZ","LOTES",2011,0.000468511
20,"SUMAPAZ","OFICINAS",2011,0.063426103
20,"SUMAPAZ","OTROS",2011,0.019746899
20,"SUMAPAZ","RESIDENCIAL",2011,0.744714074
20,"SUMAPAZ","UNIVERSIDADES Y COLEGIOS",2011,0.140051377
20,"SUMAPAZ","BODEGAS",2012,0.026672298
20,"SUMAPAZ","CLINICAS, HOSPITALES, CENTROS MEDICOS",2012,0.000000000
20,"SUMAPAZ","COMERCIO",2012,0.004810786
20,"SUMAPAZ","HOTELES",2012,0.000000000
20,"SUMAPAZ","INDUSTRIA",2012,0.000000000
20,"SUMAPAZ","LOTES",2012,0.000466880
20,"SUMAPAZ","OFICINAS",2012,0.063205365
20,"SUMAPAZ","OTROS",2012,0.019678175
20,"SUMAPAZ","RESIDENCIAL",2012,0.745602531
20,"SUMAPAZ","UNIVERSIDADES Y COLEGIOS",2012,0.139563964
20,"SUMAPAZ","BODEGAS",2013,0.026239671
20,"SUMAPAZ","CLINICAS, HOSPITALES, CENTROS MEDICOS",2013,0.000000000
20,"SUMAPAZ","COMERCIO",2013,0.004732755
20,"SUMAPAZ","HOTELES",2013,0.000000000
20,"SUMAPAZ","INDUSTRIA",2013,0.000000000
20,"SUMAPAZ","LOTES",2013,0.000459307
20,"SUMAPAZ","OFICINAS",2013,0.062180168
20,"SUMAPAZ","OTROS",2013,0.019358993
20,"SUMAPAZ","RESIDENCIAL",2013,0.749728883
20,"SUMAPAZ","UNIVERSIDADES Y COLEGIOS",2013,0.137300223
20,"SUMAPAZ","BODEGAS",2014,0.026117755
20,"SUMAPAZ","CLINICAS, HOSPITALES, CENTROS MEDICOS",2014,0.000000000
20,"SUMAPAZ","COMERCIO",2014,0.004710765
20,"SUMAPAZ","HOTELES",2014,0.000000000
20,"SUMAPAZ","INDUSTRIA",2014,0.000000000
20,"SUMAPAZ","LOTES",2014,0.000457173
20,"SUMAPAZ","OFICINAS",2014,0.061891263
20,"SUMAPAZ","OTROS",2014,0.019269046
20,"SUMAPAZ","RESIDENCIAL",2014,0.750891707
20,"SUMAPAZ","UNIVERSIDADES Y COLEGIOS",2014,0.136662291
20,"SUMAPAZ","BODEGAS",2015,0.025836332
20,"SUMAPAZ","CLINICAS, HOSPITALES, CENTROS MEDICOS",2015,0.000000000
20,"SUMAPAZ","COMERCIO",2015,0.004660006
20,"SUMAPAZ","HOTELES",2015,0.000000000
20,"SUMAPAZ","INDUSTRIA",2015,0.000000000
20,"SUMAPAZ","LOTES",2015,0.000452247
20,"SUMAPAZ","OFICINAS",2015,0.061224376
20,"SUMAPAZ","OTROS",2015,0.019061420
20,"SUMAPAZ","RESIDENCIAL",2015,0.753575882
20,"SUMAPAZ","UNIVERSIDADES Y COLEGIOS",2015,0.135189736
20,"SUMAPAZ","BODEGAS",2016,0.014779508
20,"SUMAPAZ","CLINICAS, HOSPITALES, CENTROS MEDICOS",2016,0.000000000
20,"SUMAPAZ","COMERCIO",2016,0.006927989
20,"SUMAPAZ","HOTELES",2016,0.000000000
20,"SUMAPAZ","INDUSTRIA",2016,0.000000000
20,"SUMAPAZ","LOTES",2016,0.000368403
20,"SUMAPAZ","OFICINAS",2016,0.086076731
20,"SUMAPAZ","OTROS",2016,0.021997072
20,"SUMAPAZ","RESIDENCIAL",2016,0.720542345
20,"SUMAPAZ","UNIVERSIDADES Y COLEGIOS",2016,0.149307953
20,"SUMAPAZ","BODEGAS",2017,0.003643569
20,"SUMAPAZ","CLINICAS, HOSPITALES, CENTROS MEDICOS",2017,0.000000000
20,"SUMAPAZ","COMERCIO",2017,0.001823998
20,"SUMAPAZ","HOTELES",2017,0.000000000
20,"SUMAPAZ","INDUSTRIA",2017,0.000000000
20,"SUMAPAZ","LOTES",2017,0.000000000
20,"SUMAPAZ","OFICINAS",2017,0.076750596
20,"SUMAPAZ","OTROS",2017,0.043022122
20,"SUMAPAZ","RESIDENCIAL",2017,0.719382506
20,"SUMAPAZ","UNIVERSIDADES Y COLEGIOS",2017,0.155377209
20,"SUMAPAZ","BODEGAS",2018,0.003560994
20,"SUMAPAZ","CLINICAS, HOSPITALES, CENTROS MEDICOS",2018,0.000000000
20,"SUMAPAZ","COMERCIO",2018,0.001782660
20,"SUMAPAZ","HOTELES",2018,0.000000000
20,"SUMAPAZ","INDUSTRIA",2018,0.000000000
20,"SUMAPAZ","LOTES",2018,0.000000000
20,"SUMAPAZ","OFICINAS",2018,0.073381030
20,"SUMAPAZ","OTROS",2018,0.061309130
20,"SUMAPAZ","RESIDENCIAL",2018,0.703820929
20,"SUMAPAZ","UNIVERSIDADES Y COLEGIOS",2018,0.156145257